seed/archive/a04-driver-hours-policy-2019.md	2019-08-12
seed/archive/a05-induction-checklist-2020.txt	2020-06-19
seed/archive/a02-kalpa-alert-routing-guide-2021.md	2021-03-04
seed/archive/a03-dock-scheduling-wiki-2021.html	2021-11-22
seed/05-decision-telematics-vendor-2023.md	2023-11-28
seed/archive/a01-sop-temperature-excursion-rev2.md	2024-02-12
seed/03-postmortem-nagpur-vaccine-excursion.md	2025-03-12
seed/14-customer-notification-matrix-2025.md	2025-05-20
seed/06-re-fw-telematics-cutover.eml	2025-09-08
seed/10-new-joiner-faq.md	2025-10-09
seed/09-dock-scheduling-wiki-export.html	2025-02-06
seed/07-rate-card-and-surcharges.md	2026-01-15
seed/11-decision-telematics-vendor-2026.md	2026-02-17
seed/13-dock-scheduling-rules-2026.md	2026-03-09
seed/01-sop-temperature-excursion.md	2026-04-01
seed/02-sensor-thresholds.yaml	2026-04-03
seed/04-night-shift-handover-log.txt	2026-05-28
seed/12-rate-card-2026-h2.md	2026-06-01
seed/08-driver-hours-and-safety-policy.md	2026-06-10
seed/15-customer-notification-matrix-2026.md	2026-07-01
seed/archive/a06-reefer-RF-117-retired.md	2024-09-10
seed/19-project-PROJ-123-dockwise-rollout.md	2026-02-20
seed/16-reefer-RF-118-asset-file.md	2026-04-22
seed/17-reefer-RF-119-asset-file.md	2026-04-23
seed/18-reefer-RF-120-asset-file.md	2026-04-24
seed/21-project-PROJ-125-kalpa-decommission.md	2026-05-12
seed/20-project-PROJ-124-red-sleeve-and-passive-shippers.md	2026-06-24
seed/22-cold-chain-document-map.md	2026-07-05
seed/23-mapping-study-TMS-41.md	2024-05-14
seed/24-mapping-study-TMS-42.md	2024-06-20
seed/25-mapping-study-TMS-43.md	2025-01-22
seed/26-mapping-study-TMS-44.md	2026-03-30
seed/27-lane-qualification-LQ-51.md	2025-04-28
seed/28-lane-qualification-LQ-52.md	2025-08-04
seed/29-lane-qualification-LQ-53.md	2026-05-11
seed/30-pharma-night-dispatch-checklist.md	2025-11-10
seed/31-quarantine-release-and-return-procedure.md	2025-06-16
seed/32-reefer-washdown-and-sanitation-procedure.md	2025-06-02
seed/33-cold-chain-glossary.md	2026-05-18
seed/34-cold-chain-training-plan-2026.md	2026-01-12
seed/35-qa-monthly-bulletin-2026-07.md	2026-07-31
seed/36-nagpur-night-drill-report-2026-q1.md	2026-02-20
seed/41-decision-dry-ice-handling.md	2025-04-10
seed/44-decision-ammonia-leak-response.md	2025-07-05
seed/38-decision-probe-calibration.md	2025-08-12
seed/37-procedure-probe-calibration.md	2025-09-15
seed/39-reference-probe-calibration.md	2025-09-16
seed/60-seal-handling-card-gate-cabin.md	2025-10-01
seed/40-procedure-dry-ice-handling.md	2025-11-20
seed/42-reference-dry-ice-handling.md	2025-11-21
seed/48-reference-seal-control.md	2025-12-15
seed/62-gel-pack-figures-qa-room-sheet.md	2026-01-09
seed/59-ammonia-alarm-card-dock-5.md	2026-01-15
seed/43-procedure-ammonia-leak-response.md	2026-02-10
seed/45-reference-ammonia-leak-response.md	2026-02-11
seed/57-dry-ice-handling-card-guwahati.md	2026-02-14
seed/46-procedure-seal-control.md	2026-03-05
seed/47-decision-seal-control.md	2026-03-06
seed/52-coimbatore-dc-site-handbook.md	2026-05-25
seed/56-dry-ice-handling-card-dock-5.md	2026-06-02
seed/51-reference-gel-pack-conditioning.md	2026-06-20
seed/49-procedure-gel-pack-conditioning.md	2026-06-22
seed/50-decision-gel-pack-conditioning.md	2026-06-23
seed/58-ammonia-alarm-card-canteen.md	2026-07-14
seed/53-fleet-operations-manual.md	2026-07-20
seed/54-customer-service-handbook.md	2026-08-03
seed/61-seal-and-label-card-stores-counter.md	2026-08-11
seed/55-stores-and-consumables-standard.md	2026-08-18
