seed/33-cold-chain-glossary.md	2026-01-12	Revathi Iyer <revathi.iyer@quillfern.example>	seed-history/33-cold-chain-glossary.md@1
seed/33-cold-chain-glossary.md	2026-05-18	Meera Krishnan <meera.krishnan@quillfern.example>	final
seed/37-procedure-probe-calibration.md	2025-08-20	Gregor Lindqvist <gregor.lindqvist@quillfern.example>	seed-history/37-procedure-probe-calibration.md@1
seed/37-procedure-probe-calibration.md	2025-09-15	Revathi Iyer <revathi.iyer@quillfern.example>	final
seed/38-decision-probe-calibration.md	2025-08-05	Anjali Deshmukh <anjali.deshmukh@quillfern.example>	seed-history/38-decision-probe-calibration.md@1
seed/38-decision-probe-calibration.md	2025-08-12	Revathi Iyer <revathi.iyer@quillfern.example>	final
seed/40-procedure-dry-ice-handling.md	2025-04-14	Revathi Iyer <revathi.iyer@quillfern.example>	seed-history/40-procedure-dry-ice-handling.md@1
seed/40-procedure-dry-ice-handling.md	2025-05-30	Bunty Chauhan <bunty.chauhan@quillfern.example>	seed-history/40-procedure-dry-ice-handling.md@2
seed/40-procedure-dry-ice-handling.md	2025-09-02	Farhan Qureshi <farhan.qureshi@quillfern.example>	seed-history/40-procedure-dry-ice-handling.md@3
seed/40-procedure-dry-ice-handling.md	2025-11-20	Revathi Iyer <revathi.iyer@quillfern.example>	final
seed/42-reference-dry-ice-handling.md	2025-11-10	Bunty Chauhan <bunty.chauhan@quillfern.example>	seed-history/42-reference-dry-ice-handling.md@1
seed/42-reference-dry-ice-handling.md	2025-11-21	Revathi Iyer <revathi.iyer@quillfern.example>	final
seed/43-procedure-ammonia-leak-response.md	2025-07-10	Farhan Qureshi <farhan.qureshi@quillfern.example>	seed-history/43-procedure-ammonia-leak-response.md@1
seed/43-procedure-ammonia-leak-response.md	2025-09-18	Bunty Chauhan <bunty.chauhan@quillfern.example>	seed-history/43-procedure-ammonia-leak-response.md@2
seed/43-procedure-ammonia-leak-response.md	2025-12-03	Revathi Iyer <revathi.iyer@quillfern.example>	seed-history/43-procedure-ammonia-leak-response.md@3
seed/43-procedure-ammonia-leak-response.md	2026-02-10	Farhan Qureshi <farhan.qureshi@quillfern.example>	final
seed/45-reference-ammonia-leak-response.md	2025-12-20	Gregor Lindqvist <gregor.lindqvist@quillfern.example>	seed-history/45-reference-ammonia-leak-response.md@1
seed/45-reference-ammonia-leak-response.md	2026-02-11	Farhan Qureshi <farhan.qureshi@quillfern.example>	final
seed/46-procedure-seal-control.md	2025-06-10	Col. (retd.) H. S. Sandhu <hs.sandhu@quillfern.example>	seed-history/46-procedure-seal-control.md@1
seed/46-procedure-seal-control.md	2025-08-22	Saira Sheikh <saira.sheikh@quillfern.example>	seed-history/46-procedure-seal-control.md@2
seed/46-procedure-seal-control.md	2025-12-18	Farhan Qureshi <farhan.qureshi@quillfern.example>	seed-history/46-procedure-seal-control.md@3
seed/46-procedure-seal-control.md	2026-03-05	Col. (retd.) H. S. Sandhu <hs.sandhu@quillfern.example>	final
seed/48-reference-seal-control.md	2025-06-12	Col. (retd.) H. S. Sandhu <hs.sandhu@quillfern.example>	seed-history/48-reference-seal-control.md@1
seed/48-reference-seal-control.md	2025-08-25	Nalini Patil <nalini.patil@quillfern.example>	seed-history/48-reference-seal-control.md@2
seed/48-reference-seal-control.md	2025-11-03	Revathi Iyer <revathi.iyer@quillfern.example>	seed-history/48-reference-seal-control.md@3
seed/48-reference-seal-control.md	2025-12-15	Saira Sheikh <saira.sheikh@quillfern.example>	final
seed/49-procedure-gel-pack-conditioning.md	2026-06-10	Saira Sheikh <saira.sheikh@quillfern.example>	seed-history/49-procedure-gel-pack-conditioning.md@1
seed/49-procedure-gel-pack-conditioning.md	2026-06-22	Revathi Iyer <revathi.iyer@quillfern.example>	final
seed/50-decision-gel-pack-conditioning.md	2026-06-15	Anjali Deshmukh <anjali.deshmukh@quillfern.example>	seed-history/50-decision-gel-pack-conditioning.md@1
seed/50-decision-gel-pack-conditioning.md	2026-06-23	Revathi Iyer <revathi.iyer@quillfern.example>	final
seed/51-reference-gel-pack-conditioning.md	2025-12-02	Revathi Iyer <revathi.iyer@quillfern.example>	seed-history/51-reference-gel-pack-conditioning.md@1
seed/51-reference-gel-pack-conditioning.md	2026-02-16	Bunty Chauhan <bunty.chauhan@quillfern.example>	seed-history/51-reference-gel-pack-conditioning.md@2
seed/51-reference-gel-pack-conditioning.md	2026-04-08	Farhan Qureshi <farhan.qureshi@quillfern.example>	seed-history/51-reference-gel-pack-conditioning.md@3
seed/51-reference-gel-pack-conditioning.md	2026-06-20	Revathi Iyer <revathi.iyer@quillfern.example>	final
