q,n_top5,n_tied_rows,order_differs,declared_top5,id_top5
zx00000q procedure,5,0,0,file:docs/platform/adr-00000.md|file:docs/network/postmortem-00117.md|file:docs/billing/postmortem-00094.md|file:docs/billing/reference-04774.md|file:docs/network/reference-00197.md,file:docs/platform/adr-00000.md|file:docs/network/postmortem-00117.md|file:docs/billing/postmortem-00094.md|file:docs/billing/reference-04774.md|file:docs/network/reference-00197.md
zx00001q procedure,5,0,0,file:docs/storage/adr-00001.md|file:docs/network/postmortem-00117.md|file:docs/billing/postmortem-00094.md|file:docs/billing/reference-04774.md|file:docs/network/reference-00197.md,file:docs/storage/adr-00001.md|file:docs/network/postmortem-00117.md|file:docs/billing/postmortem-00094.md|file:docs/billing/reference-04774.md|file:docs/network/reference-00197.md
zx00002q procedure,5,0,0,file:docs/network/adr-00002.md|file:docs/network/postmortem-00117.md|file:docs/billing/postmortem-00094.md|file:docs/billing/reference-04774.md|file:docs/network/reference-00197.md,file:docs/network/adr-00002.md|file:docs/network/postmortem-00117.md|file:docs/billing/postmortem-00094.md|file:docs/billing/reference-04774.md|file:docs/network/reference-00197.md
zx00003q procedure,5,0,0,file:docs/identity/adr-00003.md|file:docs/network/postmortem-00117.md|file:docs/billing/postmortem-00094.md|file:docs/billing/reference-04774.md|file:docs/network/reference-00197.md,file:docs/identity/adr-00003.md|file:docs/network/postmortem-00117.md|file:docs/billing/postmortem-00094.md|file:docs/billing/reference-04774.md|file:docs/network/reference-00197.md
zx00004q procedure,5,0,0,file:docs/billing/adr-00004.md|file:docs/network/postmortem-00117.md|file:docs/billing/postmortem-00094.md|file:docs/billing/reference-04774.md|file:docs/network/reference-00197.md,file:docs/billing/adr-00004.md|file:docs/network/postmortem-00117.md|file:docs/billing/postmortem-00094.md|file:docs/billing/reference-04774.md|file:docs/network/reference-00197.md
zx00005q procedure,5,0,0,file:docs/platform/runbook-00005.md|file:docs/network/postmortem-00117.md|file:docs/billing/postmortem-00094.md|file:docs/billing/reference-04774.md|file:docs/network/reference-00197.md,file:docs/platform/runbook-00005.md|file:docs/network/postmortem-00117.md|file:docs/billing/postmortem-00094.md|file:docs/billing/reference-04774.md|file:docs/network/reference-00197.md
zx00006q procedure,5,0,0,file:docs/storage/runbook-00006.md|file:docs/network/postmortem-00117.md|file:docs/billing/postmortem-00094.md|file:docs/billing/reference-04774.md|file:docs/network/reference-00197.md,file:docs/storage/runbook-00006.md|file:docs/network/postmortem-00117.md|file:docs/billing/postmortem-00094.md|file:docs/billing/reference-04774.md|file:docs/network/reference-00197.md
zx00007q procedure,5,0,0,file:docs/network/runbook-00007.md|file:docs/network/postmortem-00117.md|file:docs/billing/postmortem-00094.md|file:docs/billing/reference-04774.md|file:docs/network/reference-00197.md,file:docs/network/runbook-00007.md|file:docs/network/postmortem-00117.md|file:docs/billing/postmortem-00094.md|file:docs/billing/reference-04774.md|file:docs/network/reference-00197.md
zx00008q procedure,5,0,0,file:docs/identity/runbook-00008.md|file:docs/network/postmortem-00117.md|file:docs/billing/postmortem-00094.md|file:docs/billing/reference-04774.md|file:docs/network/reference-00197.md,file:docs/identity/runbook-00008.md|file:docs/network/postmortem-00117.md|file:docs/billing/postmortem-00094.md|file:docs/billing/reference-04774.md|file:docs/network/reference-00197.md
zx00009q procedure,5,0,0,file:docs/billing/runbook-00009.md|file:docs/network/postmortem-00117.md|file:docs/billing/postmortem-00094.md|file:docs/billing/reference-04774.md|file:docs/network/reference-00197.md,file:docs/billing/runbook-00009.md|file:docs/network/postmortem-00117.md|file:docs/billing/postmortem-00094.md|file:docs/billing/reference-04774.md|file:docs/network/reference-00197.md
zx00010q procedure,5,0,0,file:docs/platform/guide-00010.md|file:docs/network/postmortem-00117.md|file:docs/billing/postmortem-00094.md|file:docs/billing/reference-04774.md|file:docs/network/reference-00197.md,file:docs/platform/guide-00010.md|file:docs/network/postmortem-00117.md|file:docs/billing/postmortem-00094.md|file:docs/billing/reference-04774.md|file:docs/network/reference-00197.md
zx00011q procedure,5,0,0,file:docs/storage/guide-00011.md|file:docs/network/postmortem-00117.md|file:docs/billing/postmortem-00094.md|file:docs/billing/reference-04774.md|file:docs/network/reference-00197.md,file:docs/storage/guide-00011.md|file:docs/network/postmortem-00117.md|file:docs/billing/postmortem-00094.md|file:docs/billing/reference-04774.md|file:docs/network/reference-00197.md
zx00012q procedure,5,0,0,file:docs/network/guide-00012.md|file:docs/network/postmortem-00117.md|file:docs/billing/postmortem-00094.md|file:docs/billing/reference-04774.md|file:docs/network/reference-00197.md,file:docs/network/guide-00012.md|file:docs/network/postmortem-00117.md|file:docs/billing/postmortem-00094.md|file:docs/billing/reference-04774.md|file:docs/network/reference-00197.md
zx00013q procedure,5,0,0,file:docs/identity/guide-00013.md|file:docs/network/postmortem-00117.md|file:docs/billing/postmortem-00094.md|file:docs/billing/reference-04774.md|file:docs/network/reference-00197.md,file:docs/identity/guide-00013.md|file:docs/network/postmortem-00117.md|file:docs/billing/postmortem-00094.md|file:docs/billing/reference-04774.md|file:docs/network/reference-00197.md
zx00014q procedure,5,0,0,file:docs/billing/guide-00014.md|file:docs/network/postmortem-00117.md|file:docs/billing/postmortem-00094.md|file:docs/billing/reference-04774.md|file:docs/network/reference-00197.md,file:docs/billing/guide-00014.md|file:docs/network/postmortem-00117.md|file:docs/billing/postmortem-00094.md|file:docs/billing/reference-04774.md|file:docs/network/reference-00197.md
zx00015q procedure,5,0,0,file:docs/platform/postmortem-00015.md|file:docs/network/postmortem-00117.md|file:docs/billing/postmortem-00094.md|file:docs/billing/reference-04774.md|file:docs/network/reference-00197.md,file:docs/platform/postmortem-00015.md|file:docs/network/postmortem-00117.md|file:docs/billing/postmortem-00094.md|file:docs/billing/reference-04774.md|file:docs/network/reference-00197.md
zx00016q procedure,5,0,0,file:docs/storage/postmortem-00016.md|file:docs/network/postmortem-00117.md|file:docs/billing/postmortem-00094.md|file:docs/billing/reference-04774.md|file:docs/network/reference-00197.md,file:docs/storage/postmortem-00016.md|file:docs/network/postmortem-00117.md|file:docs/billing/postmortem-00094.md|file:docs/billing/reference-04774.md|file:docs/network/reference-00197.md
zx00017q procedure,5,0,0,file:docs/network/postmortem-00017.md|file:docs/network/postmortem-00117.md|file:docs/billing/postmortem-00094.md|file:docs/billing/reference-04774.md|file:docs/network/reference-00197.md,file:docs/network/postmortem-00017.md|file:docs/network/postmortem-00117.md|file:docs/billing/postmortem-00094.md|file:docs/billing/reference-04774.md|file:docs/network/reference-00197.md
zx00018q procedure,5,0,0,file:docs/identity/postmortem-00018.md|file:docs/network/postmortem-00117.md|file:docs/billing/postmortem-00094.md|file:docs/billing/reference-04774.md|file:docs/network/reference-00197.md,file:docs/identity/postmortem-00018.md|file:docs/network/postmortem-00117.md|file:docs/billing/postmortem-00094.md|file:docs/billing/reference-04774.md|file:docs/network/reference-00197.md
zx00019q procedure,5,0,0,file:docs/billing/postmortem-00019.md|file:docs/network/postmortem-00117.md|file:docs/billing/postmortem-00094.md|file:docs/billing/reference-04774.md|file:docs/network/reference-00197.md,file:docs/billing/postmortem-00019.md|file:docs/network/postmortem-00117.md|file:docs/billing/postmortem-00094.md|file:docs/billing/reference-04774.md|file:docs/network/reference-00197.md
zx00020q procedure,5,0,0,file:docs/storage/reference-00021.md|file:docs/network/postmortem-00117.md|file:docs/billing/postmortem-00094.md|file:docs/billing/reference-04774.md|file:docs/network/reference-00197.md,file:docs/storage/reference-00021.md|file:docs/network/postmortem-00117.md|file:docs/billing/postmortem-00094.md|file:docs/billing/reference-04774.md|file:docs/network/reference-00197.md
zx00021q procedure,5,0,0,file:docs/network/reference-00022.md|file:docs/network/postmortem-00117.md|file:docs/billing/postmortem-00094.md|file:docs/billing/reference-04774.md|file:docs/network/reference-00197.md,file:docs/network/reference-00022.md|file:docs/network/postmortem-00117.md|file:docs/billing/postmortem-00094.md|file:docs/billing/reference-04774.md|file:docs/network/reference-00197.md
zx00022q procedure,5,0,0,file:docs/billing/reference-00024.md|file:docs/network/postmortem-00117.md|file:docs/billing/postmortem-00094.md|file:docs/billing/reference-04774.md|file:docs/network/reference-00197.md,file:docs/billing/reference-00024.md|file:docs/network/postmortem-00117.md|file:docs/billing/postmortem-00094.md|file:docs/billing/reference-04774.md|file:docs/network/reference-00197.md
zx00023q procedure,5,0,0,file:docs/platform/adr-00025.md|file:docs/network/postmortem-00117.md|file:docs/billing/postmortem-00094.md|file:docs/billing/reference-04774.md|file:docs/network/reference-00197.md,file:docs/platform/adr-00025.md|file:docs/network/postmortem-00117.md|file:docs/billing/postmortem-00094.md|file:docs/billing/reference-04774.md|file:docs/network/reference-00197.md
zx00024q procedure,5,0,0,file:docs/storage/adr-00026.md|file:docs/network/postmortem-00117.md|file:docs/billing/postmortem-00094.md|file:docs/billing/reference-04774.md|file:docs/network/reference-00197.md,file:docs/storage/adr-00026.md|file:docs/network/postmortem-00117.md|file:docs/billing/postmortem-00094.md|file:docs/billing/reference-04774.md|file:docs/network/reference-00197.md
zx00025q procedure,5,0,0,file:docs/network/adr-00027.md|file:docs/network/postmortem-00117.md|file:docs/billing/postmortem-00094.md|file:docs/billing/reference-04774.md|file:docs/network/reference-00197.md,file:docs/network/adr-00027.md|file:docs/network/postmortem-00117.md|file:docs/billing/postmortem-00094.md|file:docs/billing/reference-04774.md|file:docs/network/reference-00197.md
zx00026q procedure,5,0,0,file:docs/identity/adr-00028.md|file:docs/network/postmortem-00117.md|file:docs/billing/postmortem-00094.md|file:docs/billing/reference-04774.md|file:docs/network/reference-00197.md,file:docs/identity/adr-00028.md|file:docs/network/postmortem-00117.md|file:docs/billing/postmortem-00094.md|file:docs/billing/reference-04774.md|file:docs/network/reference-00197.md
zx00027q procedure,5,0,0,file:docs/billing/adr-00029.md|file:docs/network/postmortem-00117.md|file:docs/billing/postmortem-00094.md|file:docs/billing/reference-04774.md|file:docs/network/reference-00197.md,file:docs/billing/adr-00029.md|file:docs/network/postmortem-00117.md|file:docs/billing/postmortem-00094.md|file:docs/billing/reference-04774.md|file:docs/network/reference-00197.md
zx00028q procedure,5,0,0,file:docs/platform/runbook-00030.md|file:docs/network/postmortem-00117.md|file:docs/billing/postmortem-00094.md|file:docs/billing/reference-04774.md|file:docs/network/reference-00197.md,file:docs/platform/runbook-00030.md|file:docs/network/postmortem-00117.md|file:docs/billing/postmortem-00094.md|file:docs/billing/reference-04774.md|file:docs/network/reference-00197.md
zx00029q procedure,5,0,0,file:docs/storage/runbook-00031.md|file:docs/network/postmortem-00117.md|file:docs/billing/postmortem-00094.md|file:docs/billing/reference-04774.md|file:docs/network/reference-00197.md,file:docs/storage/runbook-00031.md|file:docs/network/postmortem-00117.md|file:docs/billing/postmortem-00094.md|file:docs/billing/reference-04774.md|file:docs/network/reference-00197.md
zx00030q procedure,5,0,0,file:docs/network/runbook-00032.md|file:docs/network/postmortem-00117.md|file:docs/billing/postmortem-00094.md|file:docs/billing/reference-04774.md|file:docs/network/reference-00197.md,file:docs/network/runbook-00032.md|file:docs/network/postmortem-00117.md|file:docs/billing/postmortem-00094.md|file:docs/billing/reference-04774.md|file:docs/network/reference-00197.md
zx00031q procedure,5,0,0,file:docs/identity/runbook-00033.md|file:docs/network/postmortem-00117.md|file:docs/billing/postmortem-00094.md|file:docs/billing/reference-04774.md|file:docs/network/reference-00197.md,file:docs/identity/runbook-00033.md|file:docs/network/postmortem-00117.md|file:docs/billing/postmortem-00094.md|file:docs/billing/reference-04774.md|file:docs/network/reference-00197.md
zx00032q procedure,5,0,0,file:docs/billing/runbook-00034.md|file:docs/network/postmortem-00117.md|file:docs/billing/postmortem-00094.md|file:docs/billing/reference-04774.md|file:docs/network/reference-00197.md,file:docs/billing/runbook-00034.md|file:docs/network/postmortem-00117.md|file:docs/billing/postmortem-00094.md|file:docs/billing/reference-04774.md|file:docs/network/reference-00197.md
zx00033q procedure,5,0,0,file:docs/platform/guide-00035.md|file:docs/network/postmortem-00117.md|file:docs/billing/postmortem-00094.md|file:docs/billing/reference-04774.md|file:docs/network/reference-00197.md,file:docs/platform/guide-00035.md|file:docs/network/postmortem-00117.md|file:docs/billing/postmortem-00094.md|file:docs/billing/reference-04774.md|file:docs/network/reference-00197.md
zx00034q procedure,5,0,0,file:docs/storage/guide-00036.md|file:docs/network/postmortem-00117.md|file:docs/billing/postmortem-00094.md|file:docs/billing/reference-04774.md|file:docs/network/reference-00197.md,file:docs/storage/guide-00036.md|file:docs/network/postmortem-00117.md|file:docs/billing/postmortem-00094.md|file:docs/billing/reference-04774.md|file:docs/network/reference-00197.md
zx00035q procedure,5,0,0,file:docs/network/guide-00037.md|file:docs/network/postmortem-00117.md|file:docs/billing/postmortem-00094.md|file:docs/billing/reference-04774.md|file:docs/network/reference-00197.md,file:docs/network/guide-00037.md|file:docs/network/postmortem-00117.md|file:docs/billing/postmortem-00094.md|file:docs/billing/reference-04774.md|file:docs/network/reference-00197.md
zx00036q procedure,5,0,0,file:docs/identity/guide-00038.md|file:docs/network/postmortem-00117.md|file:docs/billing/postmortem-00094.md|file:docs/billing/reference-04774.md|file:docs/network/reference-00197.md,file:docs/identity/guide-00038.md|file:docs/network/postmortem-00117.md|file:docs/billing/postmortem-00094.md|file:docs/billing/reference-04774.md|file:docs/network/reference-00197.md
zx00037q procedure,5,0,0,file:docs/billing/guide-00039.md|file:docs/network/postmortem-00117.md|file:docs/billing/postmortem-00094.md|file:docs/billing/reference-04774.md|file:docs/network/reference-00197.md,file:docs/billing/guide-00039.md|file:docs/network/postmortem-00117.md|file:docs/billing/postmortem-00094.md|file:docs/billing/reference-04774.md|file:docs/network/reference-00197.md
zx00038q procedure,5,0,0,file:docs/platform/postmortem-00040.md|file:docs/network/postmortem-00117.md|file:docs/billing/postmortem-00094.md|file:docs/billing/reference-04774.md|file:docs/network/reference-00197.md,file:docs/platform/postmortem-00040.md|file:docs/network/postmortem-00117.md|file:docs/billing/postmortem-00094.md|file:docs/billing/reference-04774.md|file:docs/network/reference-00197.md
zx00039q procedure,5,0,0,file:docs/storage/postmortem-00041.md|file:docs/network/postmortem-00117.md|file:docs/billing/postmortem-00094.md|file:docs/billing/reference-04774.md|file:docs/network/reference-00197.md,file:docs/storage/postmortem-00041.md|file:docs/network/postmortem-00117.md|file:docs/billing/postmortem-00094.md|file:docs/billing/reference-04774.md|file:docs/network/reference-00197.md
zx00040q procedure,5,0,0,file:docs/network/postmortem-00042.md|file:docs/network/postmortem-00117.md|file:docs/billing/postmortem-00094.md|file:docs/billing/reference-04774.md|file:docs/network/reference-00197.md,file:docs/network/postmortem-00042.md|file:docs/network/postmortem-00117.md|file:docs/billing/postmortem-00094.md|file:docs/billing/reference-04774.md|file:docs/network/reference-00197.md
zx00041q procedure,5,0,0,file:docs/identity/postmortem-00043.md|file:docs/network/postmortem-00117.md|file:docs/billing/postmortem-00094.md|file:docs/billing/reference-04774.md|file:docs/network/reference-00197.md,file:docs/identity/postmortem-00043.md|file:docs/network/postmortem-00117.md|file:docs/billing/postmortem-00094.md|file:docs/billing/reference-04774.md|file:docs/network/reference-00197.md
zx00042q procedure,5,0,0,file:docs/billing/postmortem-00044.md|file:docs/network/postmortem-00117.md|file:docs/billing/postmortem-00094.md|file:docs/billing/reference-04774.md|file:docs/network/reference-00197.md,file:docs/billing/postmortem-00044.md|file:docs/network/postmortem-00117.md|file:docs/billing/postmortem-00094.md|file:docs/billing/reference-04774.md|file:docs/network/reference-00197.md
zx00043q procedure,5,0,0,file:docs/platform/reference-00045.md|file:docs/network/postmortem-00117.md|file:docs/billing/postmortem-00094.md|file:docs/billing/reference-04774.md|file:docs/network/reference-00197.md,file:docs/platform/reference-00045.md|file:docs/network/postmortem-00117.md|file:docs/billing/postmortem-00094.md|file:docs/billing/reference-04774.md|file:docs/network/reference-00197.md
zx00044q procedure,5,0,0,file:docs/network/reference-00047.md|file:docs/network/postmortem-00117.md|file:docs/billing/postmortem-00094.md|file:docs/billing/reference-04774.md|file:docs/network/reference-00197.md,file:docs/network/reference-00047.md|file:docs/network/postmortem-00117.md|file:docs/billing/postmortem-00094.md|file:docs/billing/reference-04774.md|file:docs/network/reference-00197.md
zx00045q procedure,5,0,0,file:docs/identity/reference-00048.md|file:docs/network/postmortem-00117.md|file:docs/billing/postmortem-00094.md|file:docs/billing/reference-04774.md|file:docs/network/reference-00197.md,file:docs/identity/reference-00048.md|file:docs/network/postmortem-00117.md|file:docs/billing/postmortem-00094.md|file:docs/billing/reference-04774.md|file:docs/network/reference-00197.md
zx00046q procedure,5,0,0,file:docs/billing/reference-00049.md|file:docs/network/postmortem-00117.md|file:docs/billing/postmortem-00094.md|file:docs/billing/reference-04774.md|file:docs/network/reference-00197.md,file:docs/billing/reference-00049.md|file:docs/network/postmortem-00117.md|file:docs/billing/postmortem-00094.md|file:docs/billing/reference-04774.md|file:docs/network/reference-00197.md
zx00047q procedure,5,0,0,file:docs/platform/adr-00050.md|file:docs/network/postmortem-00117.md|file:docs/billing/postmortem-00094.md|file:docs/billing/reference-04774.md|file:docs/network/reference-00197.md,file:docs/platform/adr-00050.md|file:docs/network/postmortem-00117.md|file:docs/billing/postmortem-00094.md|file:docs/billing/reference-04774.md|file:docs/network/reference-00197.md
zx00048q procedure,5,0,0,file:docs/storage/adr-00051.md|file:docs/network/postmortem-00117.md|file:docs/billing/postmortem-00094.md|file:docs/billing/reference-04774.md|file:docs/network/reference-00197.md,file:docs/storage/adr-00051.md|file:docs/network/postmortem-00117.md|file:docs/billing/postmortem-00094.md|file:docs/billing/reference-04774.md|file:docs/network/reference-00197.md
zx00049q procedure,5,0,0,file:docs/network/adr-00052.md|file:docs/network/postmortem-00117.md|file:docs/billing/postmortem-00094.md|file:docs/billing/reference-04774.md|file:docs/network/reference-00197.md,file:docs/network/adr-00052.md|file:docs/network/postmortem-00117.md|file:docs/billing/postmortem-00094.md|file:docs/billing/reference-04774.md|file:docs/network/reference-00197.md
zx00050q procedure,5,0,0,file:docs/identity/adr-00053.md|file:docs/network/postmortem-00117.md|file:docs/billing/postmortem-00094.md|file:docs/billing/reference-04774.md|file:docs/network/reference-00197.md,file:docs/identity/adr-00053.md|file:docs/network/postmortem-00117.md|file:docs/billing/postmortem-00094.md|file:docs/billing/reference-04774.md|file:docs/network/reference-00197.md
zx00051q procedure,5,0,0,file:docs/billing/adr-00054.md|file:docs/network/postmortem-00117.md|file:docs/billing/postmortem-00094.md|file:docs/billing/reference-04774.md|file:docs/network/reference-00197.md,file:docs/billing/adr-00054.md|file:docs/network/postmortem-00117.md|file:docs/billing/postmortem-00094.md|file:docs/billing/reference-04774.md|file:docs/network/reference-00197.md
zx00052q procedure,5,0,0,file:docs/platform/runbook-00055.md|file:docs/network/postmortem-00117.md|file:docs/billing/postmortem-00094.md|file:docs/billing/reference-04774.md|file:docs/network/reference-00197.md,file:docs/platform/runbook-00055.md|file:docs/network/postmortem-00117.md|file:docs/billing/postmortem-00094.md|file:docs/billing/reference-04774.md|file:docs/network/reference-00197.md
zx00053q procedure,5,0,0,file:docs/network/runbook-00057.md|file:docs/network/postmortem-00117.md|file:docs/billing/postmortem-00094.md|file:docs/billing/reference-04774.md|file:docs/network/reference-00197.md,file:docs/network/runbook-00057.md|file:docs/network/postmortem-00117.md|file:docs/billing/postmortem-00094.md|file:docs/billing/reference-04774.md|file:docs/network/reference-00197.md
zx00054q procedure,5,0,0,file:docs/billing/runbook-00059.md|file:docs/network/postmortem-00117.md|file:docs/billing/postmortem-00094.md|file:docs/billing/reference-04774.md|file:docs/network/reference-00197.md,file:docs/billing/runbook-00059.md|file:docs/network/postmortem-00117.md|file:docs/billing/postmortem-00094.md|file:docs/billing/reference-04774.md|file:docs/network/reference-00197.md
zx00055q procedure,5,0,0,file:docs/platform/guide-00060.md|file:docs/network/postmortem-00117.md|file:docs/billing/postmortem-00094.md|file:docs/billing/reference-04774.md|file:docs/network/reference-00197.md,file:docs/platform/guide-00060.md|file:docs/network/postmortem-00117.md|file:docs/billing/postmortem-00094.md|file:docs/billing/reference-04774.md|file:docs/network/reference-00197.md
zx00056q procedure,5,0,0,file:docs/storage/guide-00061.md|file:docs/network/postmortem-00117.md|file:docs/billing/postmortem-00094.md|file:docs/billing/reference-04774.md|file:docs/network/reference-00197.md,file:docs/storage/guide-00061.md|file:docs/network/postmortem-00117.md|file:docs/billing/postmortem-00094.md|file:docs/billing/reference-04774.md|file:docs/network/reference-00197.md
zx00057q procedure,5,0,0,file:docs/network/guide-00062.md|file:docs/network/postmortem-00117.md|file:docs/billing/postmortem-00094.md|file:docs/billing/reference-04774.md|file:docs/network/reference-00197.md,file:docs/network/guide-00062.md|file:docs/network/postmortem-00117.md|file:docs/billing/postmortem-00094.md|file:docs/billing/reference-04774.md|file:docs/network/reference-00197.md
zx00058q procedure,5,0,0,file:docs/identity/guide-00063.md|file:docs/network/postmortem-00117.md|file:docs/billing/postmortem-00094.md|file:docs/billing/reference-04774.md|file:docs/network/reference-00197.md,file:docs/identity/guide-00063.md|file:docs/network/postmortem-00117.md|file:docs/billing/postmortem-00094.md|file:docs/billing/reference-04774.md|file:docs/network/reference-00197.md
zx00059q procedure,5,0,0,file:docs/billing/guide-00064.md|file:docs/network/postmortem-00117.md|file:docs/billing/postmortem-00094.md|file:docs/billing/reference-04774.md|file:docs/network/reference-00197.md,file:docs/billing/guide-00064.md|file:docs/network/postmortem-00117.md|file:docs/billing/postmortem-00094.md|file:docs/billing/reference-04774.md|file:docs/network/reference-00197.md
zx00060q procedure,5,0,0,file:docs/platform/postmortem-00065.md|file:docs/network/postmortem-00117.md|file:docs/billing/postmortem-00094.md|file:docs/billing/reference-04774.md|file:docs/network/reference-00197.md,file:docs/platform/postmortem-00065.md|file:docs/network/postmortem-00117.md|file:docs/billing/postmortem-00094.md|file:docs/billing/reference-04774.md|file:docs/network/reference-00197.md
zx00061q procedure,5,0,0,file:docs/storage/postmortem-00066.md|file:docs/network/postmortem-00117.md|file:docs/billing/postmortem-00094.md|file:docs/billing/reference-04774.md|file:docs/network/reference-00197.md,file:docs/storage/postmortem-00066.md|file:docs/network/postmortem-00117.md|file:docs/billing/postmortem-00094.md|file:docs/billing/reference-04774.md|file:docs/network/reference-00197.md
zx00062q procedure,5,0,0,file:docs/network/postmortem-00067.md|file:docs/network/postmortem-00117.md|file:docs/billing/postmortem-00094.md|file:docs/billing/reference-04774.md|file:docs/network/reference-00197.md,file:docs/network/postmortem-00067.md|file:docs/network/postmortem-00117.md|file:docs/billing/postmortem-00094.md|file:docs/billing/reference-04774.md|file:docs/network/reference-00197.md
zx00063q procedure,5,0,0,file:docs/identity/postmortem-00068.md|file:docs/network/postmortem-00117.md|file:docs/billing/postmortem-00094.md|file:docs/billing/reference-04774.md|file:docs/network/reference-00197.md,file:docs/identity/postmortem-00068.md|file:docs/network/postmortem-00117.md|file:docs/billing/postmortem-00094.md|file:docs/billing/reference-04774.md|file:docs/network/reference-00197.md
zx00064q procedure,5,0,0,file:docs/billing/postmortem-00069.md|file:docs/network/postmortem-00117.md|file:docs/billing/postmortem-00094.md|file:docs/billing/reference-04774.md|file:docs/network/reference-00197.md,file:docs/billing/postmortem-00069.md|file:docs/network/postmortem-00117.md|file:docs/billing/postmortem-00094.md|file:docs/billing/reference-04774.md|file:docs/network/reference-00197.md
zx00065q procedure,5,0,0,file:docs/platform/reference-00070.md|file:docs/network/postmortem-00117.md|file:docs/billing/postmortem-00094.md|file:docs/billing/reference-04774.md|file:docs/network/reference-00197.md,file:docs/platform/reference-00070.md|file:docs/network/postmortem-00117.md|file:docs/billing/postmortem-00094.md|file:docs/billing/reference-04774.md|file:docs/network/reference-00197.md
zx00066q procedure,5,0,0,file:docs/storage/reference-00071.md|file:docs/network/postmortem-00117.md|file:docs/billing/postmortem-00094.md|file:docs/billing/reference-04774.md|file:docs/network/reference-00197.md,file:docs/storage/reference-00071.md|file:docs/network/postmortem-00117.md|file:docs/billing/postmortem-00094.md|file:docs/billing/reference-04774.md|file:docs/network/reference-00197.md
zx00067q procedure,5,0,0,file:docs/network/reference-00072.md|file:docs/network/postmortem-00117.md|file:docs/billing/postmortem-00094.md|file:docs/billing/reference-04774.md|file:docs/network/reference-00197.md,file:docs/network/reference-00072.md|file:docs/network/postmortem-00117.md|file:docs/billing/postmortem-00094.md|file:docs/billing/reference-04774.md|file:docs/network/reference-00197.md
zx00068q procedure,5,0,0,file:docs/identity/reference-00073.md|file:docs/network/postmortem-00117.md|file:docs/billing/postmortem-00094.md|file:docs/billing/reference-04774.md|file:docs/network/reference-00197.md,file:docs/identity/reference-00073.md|file:docs/network/postmortem-00117.md|file:docs/billing/postmortem-00094.md|file:docs/billing/reference-04774.md|file:docs/network/reference-00197.md
zx00069q procedure,5,0,0,file:docs/billing/reference-00074.md|file:docs/network/postmortem-00117.md|file:docs/billing/postmortem-00094.md|file:docs/billing/reference-04774.md|file:docs/network/reference-00197.md,file:docs/billing/reference-00074.md|file:docs/network/postmortem-00117.md|file:docs/billing/postmortem-00094.md|file:docs/billing/reference-04774.md|file:docs/network/reference-00197.md
zx00070q procedure,5,0,0,file:docs/platform/adr-00075.md|file:docs/network/postmortem-00117.md|file:docs/billing/postmortem-00094.md|file:docs/billing/reference-04774.md|file:docs/network/reference-00197.md,file:docs/platform/adr-00075.md|file:docs/network/postmortem-00117.md|file:docs/billing/postmortem-00094.md|file:docs/billing/reference-04774.md|file:docs/network/reference-00197.md
zx00071q procedure,5,0,0,file:docs/storage/adr-00076.md|file:docs/network/postmortem-00117.md|file:docs/billing/postmortem-00094.md|file:docs/billing/reference-04774.md|file:docs/network/reference-00197.md,file:docs/storage/adr-00076.md|file:docs/network/postmortem-00117.md|file:docs/billing/postmortem-00094.md|file:docs/billing/reference-04774.md|file:docs/network/reference-00197.md
zx00072q procedure,5,0,0,file:docs/network/adr-00077.md|file:docs/network/postmortem-00117.md|file:docs/billing/postmortem-00094.md|file:docs/billing/reference-04774.md|file:docs/network/reference-00197.md,file:docs/network/adr-00077.md|file:docs/network/postmortem-00117.md|file:docs/billing/postmortem-00094.md|file:docs/billing/reference-04774.md|file:docs/network/reference-00197.md
zx00073q procedure,5,0,0,file:docs/identity/adr-00078.md|file:docs/network/postmortem-00117.md|file:docs/billing/postmortem-00094.md|file:docs/billing/reference-04774.md|file:docs/network/reference-00197.md,file:docs/identity/adr-00078.md|file:docs/network/postmortem-00117.md|file:docs/billing/postmortem-00094.md|file:docs/billing/reference-04774.md|file:docs/network/reference-00197.md
zx00074q procedure,5,0,0,file:docs/billing/adr-00079.md|file:docs/network/postmortem-00117.md|file:docs/billing/postmortem-00094.md|file:docs/billing/reference-04774.md|file:docs/network/reference-00197.md,file:docs/billing/adr-00079.md|file:docs/network/postmortem-00117.md|file:docs/billing/postmortem-00094.md|file:docs/billing/reference-04774.md|file:docs/network/reference-00197.md
zx00075q procedure,5,0,0,file:docs/platform/runbook-00080.md|file:docs/network/postmortem-00117.md|file:docs/billing/postmortem-00094.md|file:docs/billing/reference-04774.md|file:docs/network/reference-00197.md,file:docs/platform/runbook-00080.md|file:docs/network/postmortem-00117.md|file:docs/billing/postmortem-00094.md|file:docs/billing/reference-04774.md|file:docs/network/reference-00197.md
zx00076q procedure,5,0,0,file:docs/network/runbook-00082.md|file:docs/network/postmortem-00117.md|file:docs/billing/postmortem-00094.md|file:docs/billing/reference-04774.md|file:docs/network/reference-00197.md,file:docs/network/runbook-00082.md|file:docs/network/postmortem-00117.md|file:docs/billing/postmortem-00094.md|file:docs/billing/reference-04774.md|file:docs/network/reference-00197.md
zx00077q procedure,5,0,0,file:docs/identity/runbook-00083.md|file:docs/network/postmortem-00117.md|file:docs/billing/postmortem-00094.md|file:docs/billing/reference-04774.md|file:docs/network/reference-00197.md,file:docs/identity/runbook-00083.md|file:docs/network/postmortem-00117.md|file:docs/billing/postmortem-00094.md|file:docs/billing/reference-04774.md|file:docs/network/reference-00197.md
zx00078q procedure,5,0,0,file:docs/billing/runbook-00084.md|file:docs/network/postmortem-00117.md|file:docs/billing/postmortem-00094.md|file:docs/billing/reference-04774.md|file:docs/network/reference-00197.md,file:docs/billing/runbook-00084.md|file:docs/network/postmortem-00117.md|file:docs/billing/postmortem-00094.md|file:docs/billing/reference-04774.md|file:docs/network/reference-00197.md
zx00079q procedure,5,0,0,file:docs/platform/guide-00085.md|file:docs/network/postmortem-00117.md|file:docs/billing/postmortem-00094.md|file:docs/billing/reference-04774.md|file:docs/network/reference-00197.md,file:docs/platform/guide-00085.md|file:docs/network/postmortem-00117.md|file:docs/billing/postmortem-00094.md|file:docs/billing/reference-04774.md|file:docs/network/reference-00197.md
zx00080q procedure,5,0,0,file:docs/storage/guide-00086.md|file:docs/network/postmortem-00117.md|file:docs/billing/postmortem-00094.md|file:docs/billing/reference-04774.md|file:docs/network/reference-00197.md,file:docs/storage/guide-00086.md|file:docs/network/postmortem-00117.md|file:docs/billing/postmortem-00094.md|file:docs/billing/reference-04774.md|file:docs/network/reference-00197.md
zx00081q procedure,5,0,0,file:docs/network/guide-00087.md|file:docs/network/postmortem-00117.md|file:docs/billing/postmortem-00094.md|file:docs/billing/reference-04774.md|file:docs/network/reference-00197.md,file:docs/network/guide-00087.md|file:docs/network/postmortem-00117.md|file:docs/billing/postmortem-00094.md|file:docs/billing/reference-04774.md|file:docs/network/reference-00197.md
zx00082q procedure,5,0,0,file:docs/identity/guide-00088.md|file:docs/network/postmortem-00117.md|file:docs/billing/postmortem-00094.md|file:docs/billing/reference-04774.md|file:docs/network/reference-00197.md,file:docs/identity/guide-00088.md|file:docs/network/postmortem-00117.md|file:docs/billing/postmortem-00094.md|file:docs/billing/reference-04774.md|file:docs/network/reference-00197.md
zx00083q procedure,5,0,0,file:docs/billing/guide-00089.md|file:docs/network/postmortem-00117.md|file:docs/billing/postmortem-00094.md|file:docs/billing/reference-04774.md|file:docs/network/reference-00197.md,file:docs/billing/guide-00089.md|file:docs/network/postmortem-00117.md|file:docs/billing/postmortem-00094.md|file:docs/billing/reference-04774.md|file:docs/network/reference-00197.md
zx00084q procedure,5,0,0,file:docs/platform/postmortem-00090.md|file:docs/network/postmortem-00117.md|file:docs/billing/postmortem-00094.md|file:docs/billing/reference-04774.md|file:docs/network/reference-00197.md,file:docs/platform/postmortem-00090.md|file:docs/network/postmortem-00117.md|file:docs/billing/postmortem-00094.md|file:docs/billing/reference-04774.md|file:docs/network/reference-00197.md
zx00085q procedure,5,0,0,file:docs/storage/postmortem-00091.md|file:docs/network/postmortem-00117.md|file:docs/billing/postmortem-00094.md|file:docs/billing/reference-04774.md|file:docs/network/reference-00197.md,file:docs/storage/postmortem-00091.md|file:docs/network/postmortem-00117.md|file:docs/billing/postmortem-00094.md|file:docs/billing/reference-04774.md|file:docs/network/reference-00197.md
zx00086q procedure,5,0,0,file:docs/network/postmortem-00092.md|file:docs/network/postmortem-00117.md|file:docs/billing/postmortem-00094.md|file:docs/billing/reference-04774.md|file:docs/network/reference-00197.md,file:docs/network/postmortem-00092.md|file:docs/network/postmortem-00117.md|file:docs/billing/postmortem-00094.md|file:docs/billing/reference-04774.md|file:docs/network/reference-00197.md
zx00087q procedure,5,0,0,file:docs/identity/postmortem-00093.md|file:docs/network/postmortem-00117.md|file:docs/billing/postmortem-00094.md|file:docs/billing/reference-04774.md|file:docs/network/reference-00197.md,file:docs/identity/postmortem-00093.md|file:docs/network/postmortem-00117.md|file:docs/billing/postmortem-00094.md|file:docs/billing/reference-04774.md|file:docs/network/reference-00197.md
zx00088q procedure,5,1,0,file:docs/billing/postmortem-00094.md|file:docs/network/postmortem-00117.md|file:docs/billing/reference-04774.md|file:docs/network/reference-00197.md|file:docs/network/adr-09027.md,file:docs/billing/postmortem-00094.md|file:docs/network/postmortem-00117.md|file:docs/billing/reference-04774.md|file:docs/network/reference-00197.md|file:docs/network/adr-09027.md
zx00089q procedure,5,0,0,file:docs/platform/reference-00095.md|file:docs/network/postmortem-00117.md|file:docs/billing/postmortem-00094.md|file:docs/billing/reference-04774.md|file:docs/network/reference-00197.md,file:docs/platform/reference-00095.md|file:docs/network/postmortem-00117.md|file:docs/billing/postmortem-00094.md|file:docs/billing/reference-04774.md|file:docs/network/reference-00197.md
zx00090q procedure,5,0,0,file:docs/storage/reference-00096.md|file:docs/network/postmortem-00117.md|file:docs/billing/postmortem-00094.md|file:docs/billing/reference-04774.md|file:docs/network/reference-00197.md,file:docs/storage/reference-00096.md|file:docs/network/postmortem-00117.md|file:docs/billing/postmortem-00094.md|file:docs/billing/reference-04774.md|file:docs/network/reference-00197.md
zx00091q procedure,5,0,0,file:docs/network/reference-00097.md|file:docs/network/postmortem-00117.md|file:docs/billing/postmortem-00094.md|file:docs/billing/reference-04774.md|file:docs/network/reference-00197.md,file:docs/network/reference-00097.md|file:docs/network/postmortem-00117.md|file:docs/billing/postmortem-00094.md|file:docs/billing/reference-04774.md|file:docs/network/reference-00197.md
zx00092q procedure,5,0,0,file:docs/identity/reference-00098.md|file:docs/network/postmortem-00117.md|file:docs/billing/postmortem-00094.md|file:docs/billing/reference-04774.md|file:docs/network/reference-00197.md,file:docs/identity/reference-00098.md|file:docs/network/postmortem-00117.md|file:docs/billing/postmortem-00094.md|file:docs/billing/reference-04774.md|file:docs/network/reference-00197.md
zx00093q procedure,5,0,0,file:docs/billing/reference-00099.md|file:docs/network/postmortem-00117.md|file:docs/billing/postmortem-00094.md|file:docs/billing/reference-04774.md|file:docs/network/reference-00197.md,file:docs/billing/reference-00099.md|file:docs/network/postmortem-00117.md|file:docs/billing/postmortem-00094.md|file:docs/billing/reference-04774.md|file:docs/network/reference-00197.md
zx00094q procedure,5,0,0,file:docs/platform/adr-00100.md|file:docs/network/postmortem-00117.md|file:docs/billing/postmortem-00094.md|file:docs/billing/reference-04774.md|file:docs/network/reference-00197.md,file:docs/platform/adr-00100.md|file:docs/network/postmortem-00117.md|file:docs/billing/postmortem-00094.md|file:docs/billing/reference-04774.md|file:docs/network/reference-00197.md
zx00095q procedure,5,0,0,file:docs/network/adr-00102.md|file:docs/network/postmortem-00117.md|file:docs/billing/postmortem-00094.md|file:docs/billing/reference-04774.md|file:docs/network/reference-00197.md,file:docs/network/adr-00102.md|file:docs/network/postmortem-00117.md|file:docs/billing/postmortem-00094.md|file:docs/billing/reference-04774.md|file:docs/network/reference-00197.md
zx00096q procedure,5,0,0,file:docs/identity/adr-00103.md|file:docs/network/postmortem-00117.md|file:docs/billing/postmortem-00094.md|file:docs/billing/reference-04774.md|file:docs/network/reference-00197.md,file:docs/identity/adr-00103.md|file:docs/network/postmortem-00117.md|file:docs/billing/postmortem-00094.md|file:docs/billing/reference-04774.md|file:docs/network/reference-00197.md
zx00097q procedure,5,0,0,file:docs/billing/adr-00104.md|file:docs/network/postmortem-00117.md|file:docs/billing/postmortem-00094.md|file:docs/billing/reference-04774.md|file:docs/network/reference-00197.md,file:docs/billing/adr-00104.md|file:docs/network/postmortem-00117.md|file:docs/billing/postmortem-00094.md|file:docs/billing/reference-04774.md|file:docs/network/reference-00197.md
zx00098q procedure,5,0,0,file:docs/platform/runbook-00105.md|file:docs/network/postmortem-00117.md|file:docs/billing/postmortem-00094.md|file:docs/billing/reference-04774.md|file:docs/network/reference-00197.md,file:docs/platform/runbook-00105.md|file:docs/network/postmortem-00117.md|file:docs/billing/postmortem-00094.md|file:docs/billing/reference-04774.md|file:docs/network/reference-00197.md
zx00099q procedure,5,0,0,file:docs/storage/runbook-00106.md|file:docs/network/postmortem-00117.md|file:docs/billing/postmortem-00094.md|file:docs/billing/reference-04774.md|file:docs/network/reference-00197.md,file:docs/storage/runbook-00106.md|file:docs/network/postmortem-00117.md|file:docs/billing/postmortem-00094.md|file:docs/billing/reference-04774.md|file:docs/network/reference-00197.md
zx00100q procedure,5,0,0,file:docs/network/runbook-00107.md|file:docs/network/postmortem-00117.md|file:docs/billing/postmortem-00094.md|file:docs/billing/reference-04774.md|file:docs/network/reference-00197.md,file:docs/network/runbook-00107.md|file:docs/network/postmortem-00117.md|file:docs/billing/postmortem-00094.md|file:docs/billing/reference-04774.md|file:docs/network/reference-00197.md
zx00101q procedure,5,0,0,file:docs/identity/runbook-00108.md|file:docs/network/postmortem-00117.md|file:docs/billing/postmortem-00094.md|file:docs/billing/reference-04774.md|file:docs/network/reference-00197.md,file:docs/identity/runbook-00108.md|file:docs/network/postmortem-00117.md|file:docs/billing/postmortem-00094.md|file:docs/billing/reference-04774.md|file:docs/network/reference-00197.md
zx00102q procedure,5,0,0,file:docs/billing/runbook-00109.md|file:docs/network/postmortem-00117.md|file:docs/billing/postmortem-00094.md|file:docs/billing/reference-04774.md|file:docs/network/reference-00197.md,file:docs/billing/runbook-00109.md|file:docs/network/postmortem-00117.md|file:docs/billing/postmortem-00094.md|file:docs/billing/reference-04774.md|file:docs/network/reference-00197.md
zx00103q procedure,5,0,0,file:docs/platform/guide-00110.md|file:docs/network/postmortem-00117.md|file:docs/billing/postmortem-00094.md|file:docs/billing/reference-04774.md|file:docs/network/reference-00197.md,file:docs/platform/guide-00110.md|file:docs/network/postmortem-00117.md|file:docs/billing/postmortem-00094.md|file:docs/billing/reference-04774.md|file:docs/network/reference-00197.md
zx00104q procedure,5,0,0,file:docs/storage/guide-00111.md|file:docs/network/postmortem-00117.md|file:docs/billing/postmortem-00094.md|file:docs/billing/reference-04774.md|file:docs/network/reference-00197.md,file:docs/storage/guide-00111.md|file:docs/network/postmortem-00117.md|file:docs/billing/postmortem-00094.md|file:docs/billing/reference-04774.md|file:docs/network/reference-00197.md
zx00105q procedure,5,0,0,file:docs/network/guide-00112.md|file:docs/network/postmortem-00117.md|file:docs/billing/postmortem-00094.md|file:docs/billing/reference-04774.md|file:docs/network/reference-00197.md,file:docs/network/guide-00112.md|file:docs/network/postmortem-00117.md|file:docs/billing/postmortem-00094.md|file:docs/billing/reference-04774.md|file:docs/network/reference-00197.md
zx00106q procedure,5,0,0,file:docs/identity/guide-00113.md|file:docs/network/postmortem-00117.md|file:docs/billing/postmortem-00094.md|file:docs/billing/reference-04774.md|file:docs/network/reference-00197.md,file:docs/identity/guide-00113.md|file:docs/network/postmortem-00117.md|file:docs/billing/postmortem-00094.md|file:docs/billing/reference-04774.md|file:docs/network/reference-00197.md
zx00107q procedure,5,0,0,file:docs/billing/guide-00114.md|file:docs/network/postmortem-00117.md|file:docs/billing/postmortem-00094.md|file:docs/billing/reference-04774.md|file:docs/network/reference-00197.md,file:docs/billing/guide-00114.md|file:docs/network/postmortem-00117.md|file:docs/billing/postmortem-00094.md|file:docs/billing/reference-04774.md|file:docs/network/reference-00197.md
zx00108q procedure,5,0,0,file:docs/platform/postmortem-00115.md|file:docs/network/postmortem-00117.md|file:docs/billing/postmortem-00094.md|file:docs/billing/reference-04774.md|file:docs/network/reference-00197.md,file:docs/platform/postmortem-00115.md|file:docs/network/postmortem-00117.md|file:docs/billing/postmortem-00094.md|file:docs/billing/reference-04774.md|file:docs/network/reference-00197.md
zx00109q procedure,5,0,0,file:docs/storage/postmortem-00116.md|file:docs/network/postmortem-00117.md|file:docs/billing/postmortem-00094.md|file:docs/billing/reference-04774.md|file:docs/network/reference-00197.md,file:docs/storage/postmortem-00116.md|file:docs/network/postmortem-00117.md|file:docs/billing/postmortem-00094.md|file:docs/billing/reference-04774.md|file:docs/network/reference-00197.md
zx00110q procedure,5,1,0,file:docs/network/postmortem-00117.md|file:docs/billing/postmortem-00094.md|file:docs/billing/reference-04774.md|file:docs/network/reference-00197.md|file:docs/network/adr-09027.md,file:docs/network/postmortem-00117.md|file:docs/billing/postmortem-00094.md|file:docs/billing/reference-04774.md|file:docs/network/reference-00197.md|file:docs/network/adr-09027.md
zx00111q procedure,5,0,0,file:docs/identity/postmortem-00118.md|file:docs/network/postmortem-00117.md|file:docs/billing/postmortem-00094.md|file:docs/billing/reference-04774.md|file:docs/network/reference-00197.md,file:docs/identity/postmortem-00118.md|file:docs/network/postmortem-00117.md|file:docs/billing/postmortem-00094.md|file:docs/billing/reference-04774.md|file:docs/network/reference-00197.md
zx00112q procedure,5,0,0,file:docs/billing/postmortem-00119.md|file:docs/network/postmortem-00117.md|file:docs/billing/postmortem-00094.md|file:docs/billing/reference-04774.md|file:docs/network/reference-00197.md,file:docs/billing/postmortem-00119.md|file:docs/network/postmortem-00117.md|file:docs/billing/postmortem-00094.md|file:docs/billing/reference-04774.md|file:docs/network/reference-00197.md
zx00113q procedure,5,0,0,file:docs/platform/reference-00120.md|file:docs/network/postmortem-00117.md|file:docs/billing/postmortem-00094.md|file:docs/billing/reference-04774.md|file:docs/network/reference-00197.md,file:docs/platform/reference-00120.md|file:docs/network/postmortem-00117.md|file:docs/billing/postmortem-00094.md|file:docs/billing/reference-04774.md|file:docs/network/reference-00197.md
zx00114q procedure,5,0,0,file:docs/storage/reference-00121.md|file:docs/network/postmortem-00117.md|file:docs/billing/postmortem-00094.md|file:docs/billing/reference-04774.md|file:docs/network/reference-00197.md,file:docs/storage/reference-00121.md|file:docs/network/postmortem-00117.md|file:docs/billing/postmortem-00094.md|file:docs/billing/reference-04774.md|file:docs/network/reference-00197.md
zx00115q procedure,5,0,0,file:docs/identity/reference-00123.md|file:docs/network/postmortem-00117.md|file:docs/billing/postmortem-00094.md|file:docs/billing/reference-04774.md|file:docs/network/reference-00197.md,file:docs/identity/reference-00123.md|file:docs/network/postmortem-00117.md|file:docs/billing/postmortem-00094.md|file:docs/billing/reference-04774.md|file:docs/network/reference-00197.md
zx00116q procedure,5,0,0,file:docs/billing/reference-00124.md|file:docs/network/postmortem-00117.md|file:docs/billing/postmortem-00094.md|file:docs/billing/reference-04774.md|file:docs/network/reference-00197.md,file:docs/billing/reference-00124.md|file:docs/network/postmortem-00117.md|file:docs/billing/postmortem-00094.md|file:docs/billing/reference-04774.md|file:docs/network/reference-00197.md
zx00117q procedure,5,0,0,file:docs/platform/adr-00125.md|file:docs/network/postmortem-00117.md|file:docs/billing/postmortem-00094.md|file:docs/billing/reference-04774.md|file:docs/network/reference-00197.md,file:docs/platform/adr-00125.md|file:docs/network/postmortem-00117.md|file:docs/billing/postmortem-00094.md|file:docs/billing/reference-04774.md|file:docs/network/reference-00197.md
zx00118q procedure,5,0,0,file:docs/storage/adr-00126.md|file:docs/network/postmortem-00117.md|file:docs/billing/postmortem-00094.md|file:docs/billing/reference-04774.md|file:docs/network/reference-00197.md,file:docs/storage/adr-00126.md|file:docs/network/postmortem-00117.md|file:docs/billing/postmortem-00094.md|file:docs/billing/reference-04774.md|file:docs/network/reference-00197.md
zx00119q procedure,5,0,0,file:docs/network/adr-00127.md|file:docs/network/postmortem-00117.md|file:docs/billing/postmortem-00094.md|file:docs/billing/reference-04774.md|file:docs/network/reference-00197.md,file:docs/network/adr-00127.md|file:docs/network/postmortem-00117.md|file:docs/billing/postmortem-00094.md|file:docs/billing/reference-04774.md|file:docs/network/reference-00197.md
zx00120q procedure,5,0,0,file:docs/identity/adr-00128.md|file:docs/network/postmortem-00117.md|file:docs/billing/postmortem-00094.md|file:docs/billing/reference-04774.md|file:docs/network/reference-00197.md,file:docs/identity/adr-00128.md|file:docs/network/postmortem-00117.md|file:docs/billing/postmortem-00094.md|file:docs/billing/reference-04774.md|file:docs/network/reference-00197.md
zx00121q procedure,5,0,0,file:docs/billing/adr-00129.md|file:docs/network/postmortem-00117.md|file:docs/billing/postmortem-00094.md|file:docs/billing/reference-04774.md|file:docs/network/reference-00197.md,file:docs/billing/adr-00129.md|file:docs/network/postmortem-00117.md|file:docs/billing/postmortem-00094.md|file:docs/billing/reference-04774.md|file:docs/network/reference-00197.md
zx00122q procedure,5,0,0,file:docs/platform/runbook-00130.md|file:docs/network/postmortem-00117.md|file:docs/billing/postmortem-00094.md|file:docs/billing/reference-04774.md|file:docs/network/reference-00197.md,file:docs/platform/runbook-00130.md|file:docs/network/postmortem-00117.md|file:docs/billing/postmortem-00094.md|file:docs/billing/reference-04774.md|file:docs/network/reference-00197.md
zx00123q procedure,5,0,0,file:docs/storage/runbook-00131.md|file:docs/network/postmortem-00117.md|file:docs/billing/postmortem-00094.md|file:docs/billing/reference-04774.md|file:docs/network/reference-00197.md,file:docs/storage/runbook-00131.md|file:docs/network/postmortem-00117.md|file:docs/billing/postmortem-00094.md|file:docs/billing/reference-04774.md|file:docs/network/reference-00197.md
zx00124q procedure,5,0,0,file:docs/network/runbook-00132.md|file:docs/network/postmortem-00117.md|file:docs/billing/postmortem-00094.md|file:docs/billing/reference-04774.md|file:docs/network/reference-00197.md,file:docs/network/runbook-00132.md|file:docs/network/postmortem-00117.md|file:docs/billing/postmortem-00094.md|file:docs/billing/reference-04774.md|file:docs/network/reference-00197.md
zx00125q procedure,5,0,0,file:docs/platform/guide-00135.md|file:docs/network/postmortem-00117.md|file:docs/billing/postmortem-00094.md|file:docs/billing/reference-04774.md|file:docs/network/reference-00197.md,file:docs/platform/guide-00135.md|file:docs/network/postmortem-00117.md|file:docs/billing/postmortem-00094.md|file:docs/billing/reference-04774.md|file:docs/network/reference-00197.md
zx00126q procedure,5,0,0,file:docs/storage/guide-00136.md|file:docs/network/postmortem-00117.md|file:docs/billing/postmortem-00094.md|file:docs/billing/reference-04774.md|file:docs/network/reference-00197.md,file:docs/storage/guide-00136.md|file:docs/network/postmortem-00117.md|file:docs/billing/postmortem-00094.md|file:docs/billing/reference-04774.md|file:docs/network/reference-00197.md
zx00127q procedure,5,0,0,file:docs/network/guide-00137.md|file:docs/network/postmortem-00117.md|file:docs/billing/postmortem-00094.md|file:docs/billing/reference-04774.md|file:docs/network/reference-00197.md,file:docs/network/guide-00137.md|file:docs/network/postmortem-00117.md|file:docs/billing/postmortem-00094.md|file:docs/billing/reference-04774.md|file:docs/network/reference-00197.md
zx00128q procedure,5,0,0,file:docs/identity/guide-00138.md|file:docs/network/postmortem-00117.md|file:docs/billing/postmortem-00094.md|file:docs/billing/reference-04774.md|file:docs/network/reference-00197.md,file:docs/identity/guide-00138.md|file:docs/network/postmortem-00117.md|file:docs/billing/postmortem-00094.md|file:docs/billing/reference-04774.md|file:docs/network/reference-00197.md
zx00129q procedure,5,0,0,file:docs/billing/guide-00139.md|file:docs/network/postmortem-00117.md|file:docs/billing/postmortem-00094.md|file:docs/billing/reference-04774.md|file:docs/network/reference-00197.md,file:docs/billing/guide-00139.md|file:docs/network/postmortem-00117.md|file:docs/billing/postmortem-00094.md|file:docs/billing/reference-04774.md|file:docs/network/reference-00197.md
zx00130q procedure,5,0,0,file:docs/platform/postmortem-00140.md|file:docs/network/postmortem-00117.md|file:docs/billing/postmortem-00094.md|file:docs/billing/reference-04774.md|file:docs/network/reference-00197.md,file:docs/platform/postmortem-00140.md|file:docs/network/postmortem-00117.md|file:docs/billing/postmortem-00094.md|file:docs/billing/reference-04774.md|file:docs/network/reference-00197.md
zx00131q procedure,5,0,0,file:docs/storage/postmortem-00141.md|file:docs/network/postmortem-00117.md|file:docs/billing/postmortem-00094.md|file:docs/billing/reference-04774.md|file:docs/network/reference-00197.md,file:docs/storage/postmortem-00141.md|file:docs/network/postmortem-00117.md|file:docs/billing/postmortem-00094.md|file:docs/billing/reference-04774.md|file:docs/network/reference-00197.md
zx00132q procedure,5,0,0,file:docs/network/postmortem-00142.md|file:docs/network/postmortem-00117.md|file:docs/billing/postmortem-00094.md|file:docs/billing/reference-04774.md|file:docs/network/reference-00197.md,file:docs/network/postmortem-00142.md|file:docs/network/postmortem-00117.md|file:docs/billing/postmortem-00094.md|file:docs/billing/reference-04774.md|file:docs/network/reference-00197.md
zx00133q procedure,5,0,0,file:docs/identity/postmortem-00143.md|file:docs/network/postmortem-00117.md|file:docs/billing/postmortem-00094.md|file:docs/billing/reference-04774.md|file:docs/network/reference-00197.md,file:docs/identity/postmortem-00143.md|file:docs/network/postmortem-00117.md|file:docs/billing/postmortem-00094.md|file:docs/billing/reference-04774.md|file:docs/network/reference-00197.md
zx00134q procedure,5,0,0,file:docs/billing/postmortem-00144.md|file:docs/network/postmortem-00117.md|file:docs/billing/postmortem-00094.md|file:docs/billing/reference-04774.md|file:docs/network/reference-00197.md,file:docs/billing/postmortem-00144.md|file:docs/network/postmortem-00117.md|file:docs/billing/postmortem-00094.md|file:docs/billing/reference-04774.md|file:docs/network/reference-00197.md
zx00135q procedure,5,0,0,file:docs/platform/reference-00145.md|file:docs/network/postmortem-00117.md|file:docs/billing/postmortem-00094.md|file:docs/billing/reference-04774.md|file:docs/network/reference-00197.md,file:docs/platform/reference-00145.md|file:docs/network/postmortem-00117.md|file:docs/billing/postmortem-00094.md|file:docs/billing/reference-04774.md|file:docs/network/reference-00197.md
zx00136q procedure,5,0,0,file:docs/storage/reference-00146.md|file:docs/network/postmortem-00117.md|file:docs/billing/postmortem-00094.md|file:docs/billing/reference-04774.md|file:docs/network/reference-00197.md,file:docs/storage/reference-00146.md|file:docs/network/postmortem-00117.md|file:docs/billing/postmortem-00094.md|file:docs/billing/reference-04774.md|file:docs/network/reference-00197.md
zx00137q procedure,5,0,0,file:docs/identity/reference-00148.md|file:docs/network/postmortem-00117.md|file:docs/billing/postmortem-00094.md|file:docs/billing/reference-04774.md|file:docs/network/reference-00197.md,file:docs/identity/reference-00148.md|file:docs/network/postmortem-00117.md|file:docs/billing/postmortem-00094.md|file:docs/billing/reference-04774.md|file:docs/network/reference-00197.md
zx00138q procedure,5,0,0,file:docs/billing/reference-00149.md|file:docs/network/postmortem-00117.md|file:docs/billing/postmortem-00094.md|file:docs/billing/reference-04774.md|file:docs/network/reference-00197.md,file:docs/billing/reference-00149.md|file:docs/network/postmortem-00117.md|file:docs/billing/postmortem-00094.md|file:docs/billing/reference-04774.md|file:docs/network/reference-00197.md
zx00139q procedure,5,0,0,file:docs/platform/adr-00150.md|file:docs/network/postmortem-00117.md|file:docs/billing/postmortem-00094.md|file:docs/billing/reference-04774.md|file:docs/network/reference-00197.md,file:docs/platform/adr-00150.md|file:docs/network/postmortem-00117.md|file:docs/billing/postmortem-00094.md|file:docs/billing/reference-04774.md|file:docs/network/reference-00197.md
zx00140q procedure,5,0,0,file:docs/storage/adr-00151.md|file:docs/network/postmortem-00117.md|file:docs/billing/postmortem-00094.md|file:docs/billing/reference-04774.md|file:docs/network/reference-00197.md,file:docs/storage/adr-00151.md|file:docs/network/postmortem-00117.md|file:docs/billing/postmortem-00094.md|file:docs/billing/reference-04774.md|file:docs/network/reference-00197.md
zx00141q procedure,5,0,0,file:docs/network/adr-00152.md|file:docs/network/postmortem-00117.md|file:docs/billing/postmortem-00094.md|file:docs/billing/reference-04774.md|file:docs/network/reference-00197.md,file:docs/network/adr-00152.md|file:docs/network/postmortem-00117.md|file:docs/billing/postmortem-00094.md|file:docs/billing/reference-04774.md|file:docs/network/reference-00197.md
zx00142q procedure,5,0,0,file:docs/identity/adr-00153.md|file:docs/network/postmortem-00117.md|file:docs/billing/postmortem-00094.md|file:docs/billing/reference-04774.md|file:docs/network/reference-00197.md,file:docs/identity/adr-00153.md|file:docs/network/postmortem-00117.md|file:docs/billing/postmortem-00094.md|file:docs/billing/reference-04774.md|file:docs/network/reference-00197.md
zx00143q procedure,5,0,0,file:docs/billing/adr-00154.md|file:docs/network/postmortem-00117.md|file:docs/billing/postmortem-00094.md|file:docs/billing/reference-04774.md|file:docs/network/reference-00197.md,file:docs/billing/adr-00154.md|file:docs/network/postmortem-00117.md|file:docs/billing/postmortem-00094.md|file:docs/billing/reference-04774.md|file:docs/network/reference-00197.md
zx00144q procedure,5,0,0,file:docs/platform/runbook-00155.md|file:docs/network/postmortem-00117.md|file:docs/billing/postmortem-00094.md|file:docs/billing/reference-04774.md|file:docs/network/reference-00197.md,file:docs/platform/runbook-00155.md|file:docs/network/postmortem-00117.md|file:docs/billing/postmortem-00094.md|file:docs/billing/reference-04774.md|file:docs/network/reference-00197.md
zx00145q procedure,5,0,0,file:docs/storage/runbook-00156.md|file:docs/network/postmortem-00117.md|file:docs/billing/postmortem-00094.md|file:docs/billing/reference-04774.md|file:docs/network/reference-00197.md,file:docs/storage/runbook-00156.md|file:docs/network/postmortem-00117.md|file:docs/billing/postmortem-00094.md|file:docs/billing/reference-04774.md|file:docs/network/reference-00197.md
zx00146q procedure,5,0,0,file:docs/network/runbook-00157.md|file:docs/network/postmortem-00117.md|file:docs/billing/postmortem-00094.md|file:docs/billing/reference-04774.md|file:docs/network/reference-00197.md,file:docs/network/runbook-00157.md|file:docs/network/postmortem-00117.md|file:docs/billing/postmortem-00094.md|file:docs/billing/reference-04774.md|file:docs/network/reference-00197.md
zx00147q procedure,5,0,0,file:docs/identity/runbook-00158.md|file:docs/network/postmortem-00117.md|file:docs/billing/postmortem-00094.md|file:docs/billing/reference-04774.md|file:docs/network/reference-00197.md,file:docs/identity/runbook-00158.md|file:docs/network/postmortem-00117.md|file:docs/billing/postmortem-00094.md|file:docs/billing/reference-04774.md|file:docs/network/reference-00197.md
zx00148q procedure,5,0,0,file:docs/billing/runbook-00159.md|file:docs/network/postmortem-00117.md|file:docs/billing/postmortem-00094.md|file:docs/billing/reference-04774.md|file:docs/network/reference-00197.md,file:docs/billing/runbook-00159.md|file:docs/network/postmortem-00117.md|file:docs/billing/postmortem-00094.md|file:docs/billing/reference-04774.md|file:docs/network/reference-00197.md
zx00149q procedure,5,0,0,file:docs/platform/guide-00160.md|file:docs/network/postmortem-00117.md|file:docs/billing/postmortem-00094.md|file:docs/billing/reference-04774.md|file:docs/network/reference-00197.md,file:docs/platform/guide-00160.md|file:docs/network/postmortem-00117.md|file:docs/billing/postmortem-00094.md|file:docs/billing/reference-04774.md|file:docs/network/reference-00197.md
zx00150q procedure,5,0,0,file:docs/storage/guide-00161.md|file:docs/network/postmortem-00117.md|file:docs/billing/postmortem-00094.md|file:docs/billing/reference-04774.md|file:docs/network/reference-00197.md,file:docs/storage/guide-00161.md|file:docs/network/postmortem-00117.md|file:docs/billing/postmortem-00094.md|file:docs/billing/reference-04774.md|file:docs/network/reference-00197.md
zx00151q procedure,5,0,0,file:docs/network/guide-00162.md|file:docs/network/postmortem-00117.md|file:docs/billing/postmortem-00094.md|file:docs/billing/reference-04774.md|file:docs/network/reference-00197.md,file:docs/network/guide-00162.md|file:docs/network/postmortem-00117.md|file:docs/billing/postmortem-00094.md|file:docs/billing/reference-04774.md|file:docs/network/reference-00197.md
zx00152q procedure,5,0,0,file:docs/identity/guide-00163.md|file:docs/network/postmortem-00117.md|file:docs/billing/postmortem-00094.md|file:docs/billing/reference-04774.md|file:docs/network/reference-00197.md,file:docs/identity/guide-00163.md|file:docs/network/postmortem-00117.md|file:docs/billing/postmortem-00094.md|file:docs/billing/reference-04774.md|file:docs/network/reference-00197.md
zx00153q procedure,5,0,0,file:docs/billing/guide-00164.md|file:docs/network/postmortem-00117.md|file:docs/billing/postmortem-00094.md|file:docs/billing/reference-04774.md|file:docs/network/reference-00197.md,file:docs/billing/guide-00164.md|file:docs/network/postmortem-00117.md|file:docs/billing/postmortem-00094.md|file:docs/billing/reference-04774.md|file:docs/network/reference-00197.md
zx00154q procedure,5,0,0,file:docs/platform/postmortem-00165.md|file:docs/network/postmortem-00117.md|file:docs/billing/postmortem-00094.md|file:docs/billing/reference-04774.md|file:docs/network/reference-00197.md,file:docs/platform/postmortem-00165.md|file:docs/network/postmortem-00117.md|file:docs/billing/postmortem-00094.md|file:docs/billing/reference-04774.md|file:docs/network/reference-00197.md
zx00155q procedure,5,0,0,file:docs/storage/postmortem-00166.md|file:docs/network/postmortem-00117.md|file:docs/billing/postmortem-00094.md|file:docs/billing/reference-04774.md|file:docs/network/reference-00197.md,file:docs/storage/postmortem-00166.md|file:docs/network/postmortem-00117.md|file:docs/billing/postmortem-00094.md|file:docs/billing/reference-04774.md|file:docs/network/reference-00197.md
zx00156q procedure,5,0,0,file:docs/network/postmortem-00167.md|file:docs/network/postmortem-00117.md|file:docs/billing/postmortem-00094.md|file:docs/billing/reference-04774.md|file:docs/network/reference-00197.md,file:docs/network/postmortem-00167.md|file:docs/network/postmortem-00117.md|file:docs/billing/postmortem-00094.md|file:docs/billing/reference-04774.md|file:docs/network/reference-00197.md
zx00157q procedure,5,0,0,file:docs/identity/postmortem-00168.md|file:docs/network/postmortem-00117.md|file:docs/billing/postmortem-00094.md|file:docs/billing/reference-04774.md|file:docs/network/reference-00197.md,file:docs/identity/postmortem-00168.md|file:docs/network/postmortem-00117.md|file:docs/billing/postmortem-00094.md|file:docs/billing/reference-04774.md|file:docs/network/reference-00197.md
zx00158q procedure,5,0,0,file:docs/billing/postmortem-00169.md|file:docs/network/postmortem-00117.md|file:docs/billing/postmortem-00094.md|file:docs/billing/reference-04774.md|file:docs/network/reference-00197.md,file:docs/billing/postmortem-00169.md|file:docs/network/postmortem-00117.md|file:docs/billing/postmortem-00094.md|file:docs/billing/reference-04774.md|file:docs/network/reference-00197.md
zx00159q procedure,5,0,0,file:docs/platform/reference-00170.md|file:docs/network/postmortem-00117.md|file:docs/billing/postmortem-00094.md|file:docs/billing/reference-04774.md|file:docs/network/reference-00197.md,file:docs/platform/reference-00170.md|file:docs/network/postmortem-00117.md|file:docs/billing/postmortem-00094.md|file:docs/billing/reference-04774.md|file:docs/network/reference-00197.md
zx00160q procedure,5,0,0,file:docs/storage/reference-00171.md|file:docs/network/postmortem-00117.md|file:docs/billing/postmortem-00094.md|file:docs/billing/reference-04774.md|file:docs/network/reference-00197.md,file:docs/storage/reference-00171.md|file:docs/network/postmortem-00117.md|file:docs/billing/postmortem-00094.md|file:docs/billing/reference-04774.md|file:docs/network/reference-00197.md
zx00161q procedure,5,0,0,file:docs/network/reference-00172.md|file:docs/network/postmortem-00117.md|file:docs/billing/postmortem-00094.md|file:docs/billing/reference-04774.md|file:docs/network/reference-00197.md,file:docs/network/reference-00172.md|file:docs/network/postmortem-00117.md|file:docs/billing/postmortem-00094.md|file:docs/billing/reference-04774.md|file:docs/network/reference-00197.md
zx00162q procedure,5,0,0,file:docs/identity/reference-00173.md|file:docs/network/postmortem-00117.md|file:docs/billing/postmortem-00094.md|file:docs/billing/reference-04774.md|file:docs/network/reference-00197.md,file:docs/identity/reference-00173.md|file:docs/network/postmortem-00117.md|file:docs/billing/postmortem-00094.md|file:docs/billing/reference-04774.md|file:docs/network/reference-00197.md
zx00163q procedure,5,0,0,file:docs/billing/reference-00174.md|file:docs/network/postmortem-00117.md|file:docs/billing/postmortem-00094.md|file:docs/billing/reference-04774.md|file:docs/network/reference-00197.md,file:docs/billing/reference-00174.md|file:docs/network/postmortem-00117.md|file:docs/billing/postmortem-00094.md|file:docs/billing/reference-04774.md|file:docs/network/reference-00197.md
zx00164q procedure,5,0,0,file:docs/platform/adr-00175.md|file:docs/network/postmortem-00117.md|file:docs/billing/postmortem-00094.md|file:docs/billing/reference-04774.md|file:docs/network/reference-00197.md,file:docs/platform/adr-00175.md|file:docs/network/postmortem-00117.md|file:docs/billing/postmortem-00094.md|file:docs/billing/reference-04774.md|file:docs/network/reference-00197.md
zx00165q procedure,5,0,0,file:docs/storage/adr-00176.md|file:docs/network/postmortem-00117.md|file:docs/billing/postmortem-00094.md|file:docs/billing/reference-04774.md|file:docs/network/reference-00197.md,file:docs/storage/adr-00176.md|file:docs/network/postmortem-00117.md|file:docs/billing/postmortem-00094.md|file:docs/billing/reference-04774.md|file:docs/network/reference-00197.md
zx00166q procedure,5,0,0,file:docs/network/adr-00177.md|file:docs/network/postmortem-00117.md|file:docs/billing/postmortem-00094.md|file:docs/billing/reference-04774.md|file:docs/network/reference-00197.md,file:docs/network/adr-00177.md|file:docs/network/postmortem-00117.md|file:docs/billing/postmortem-00094.md|file:docs/billing/reference-04774.md|file:docs/network/reference-00197.md
zx00167q procedure,5,0,0,file:docs/identity/adr-00178.md|file:docs/network/postmortem-00117.md|file:docs/billing/postmortem-00094.md|file:docs/billing/reference-04774.md|file:docs/network/reference-00197.md,file:docs/identity/adr-00178.md|file:docs/network/postmortem-00117.md|file:docs/billing/postmortem-00094.md|file:docs/billing/reference-04774.md|file:docs/network/reference-00197.md
zx00168q procedure,5,0,0,file:docs/billing/adr-00179.md|file:docs/network/postmortem-00117.md|file:docs/billing/postmortem-00094.md|file:docs/billing/reference-04774.md|file:docs/network/reference-00197.md,file:docs/billing/adr-00179.md|file:docs/network/postmortem-00117.md|file:docs/billing/postmortem-00094.md|file:docs/billing/reference-04774.md|file:docs/network/reference-00197.md
zx00169q procedure,5,0,0,file:docs/platform/runbook-00180.md|file:docs/network/postmortem-00117.md|file:docs/billing/postmortem-00094.md|file:docs/billing/reference-04774.md|file:docs/network/reference-00197.md,file:docs/platform/runbook-00180.md|file:docs/network/postmortem-00117.md|file:docs/billing/postmortem-00094.md|file:docs/billing/reference-04774.md|file:docs/network/reference-00197.md
zx00170q procedure,5,0,0,file:docs/storage/runbook-00181.md|file:docs/network/postmortem-00117.md|file:docs/billing/postmortem-00094.md|file:docs/billing/reference-04774.md|file:docs/network/reference-00197.md,file:docs/storage/runbook-00181.md|file:docs/network/postmortem-00117.md|file:docs/billing/postmortem-00094.md|file:docs/billing/reference-04774.md|file:docs/network/reference-00197.md
zx00171q procedure,5,0,0,file:docs/network/runbook-00182.md|file:docs/network/postmortem-00117.md|file:docs/billing/postmortem-00094.md|file:docs/billing/reference-04774.md|file:docs/network/reference-00197.md,file:docs/network/runbook-00182.md|file:docs/network/postmortem-00117.md|file:docs/billing/postmortem-00094.md|file:docs/billing/reference-04774.md|file:docs/network/reference-00197.md
zx00172q procedure,5,0,0,file:docs/identity/runbook-00183.md|file:docs/network/postmortem-00117.md|file:docs/billing/postmortem-00094.md|file:docs/billing/reference-04774.md|file:docs/network/reference-00197.md,file:docs/identity/runbook-00183.md|file:docs/network/postmortem-00117.md|file:docs/billing/postmortem-00094.md|file:docs/billing/reference-04774.md|file:docs/network/reference-00197.md
zx00173q procedure,5,0,0,file:docs/billing/runbook-00184.md|file:docs/network/postmortem-00117.md|file:docs/billing/postmortem-00094.md|file:docs/billing/reference-04774.md|file:docs/network/reference-00197.md,file:docs/billing/runbook-00184.md|file:docs/network/postmortem-00117.md|file:docs/billing/postmortem-00094.md|file:docs/billing/reference-04774.md|file:docs/network/reference-00197.md
zx00174q procedure,5,0,0,file:docs/platform/guide-00185.md|file:docs/network/postmortem-00117.md|file:docs/billing/postmortem-00094.md|file:docs/billing/reference-04774.md|file:docs/network/reference-00197.md,file:docs/platform/guide-00185.md|file:docs/network/postmortem-00117.md|file:docs/billing/postmortem-00094.md|file:docs/billing/reference-04774.md|file:docs/network/reference-00197.md
zx00175q procedure,5,0,0,file:docs/storage/guide-00186.md|file:docs/network/postmortem-00117.md|file:docs/billing/postmortem-00094.md|file:docs/billing/reference-04774.md|file:docs/network/reference-00197.md,file:docs/storage/guide-00186.md|file:docs/network/postmortem-00117.md|file:docs/billing/postmortem-00094.md|file:docs/billing/reference-04774.md|file:docs/network/reference-00197.md
zx00176q procedure,5,0,0,file:docs/network/guide-00187.md|file:docs/network/postmortem-00117.md|file:docs/billing/postmortem-00094.md|file:docs/billing/reference-04774.md|file:docs/network/reference-00197.md,file:docs/network/guide-00187.md|file:docs/network/postmortem-00117.md|file:docs/billing/postmortem-00094.md|file:docs/billing/reference-04774.md|file:docs/network/reference-00197.md
zx00177q procedure,5,0,0,file:docs/identity/guide-00188.md|file:docs/network/postmortem-00117.md|file:docs/billing/postmortem-00094.md|file:docs/billing/reference-04774.md|file:docs/network/reference-00197.md,file:docs/identity/guide-00188.md|file:docs/network/postmortem-00117.md|file:docs/billing/postmortem-00094.md|file:docs/billing/reference-04774.md|file:docs/network/reference-00197.md
zx00178q procedure,5,0,0,file:docs/billing/guide-00189.md|file:docs/network/postmortem-00117.md|file:docs/billing/postmortem-00094.md|file:docs/billing/reference-04774.md|file:docs/network/reference-00197.md,file:docs/billing/guide-00189.md|file:docs/network/postmortem-00117.md|file:docs/billing/postmortem-00094.md|file:docs/billing/reference-04774.md|file:docs/network/reference-00197.md
zx00179q procedure,5,0,0,file:docs/platform/postmortem-00190.md|file:docs/network/postmortem-00117.md|file:docs/billing/postmortem-00094.md|file:docs/billing/reference-04774.md|file:docs/network/reference-00197.md,file:docs/platform/postmortem-00190.md|file:docs/network/postmortem-00117.md|file:docs/billing/postmortem-00094.md|file:docs/billing/reference-04774.md|file:docs/network/reference-00197.md
zx00180q procedure,5,0,0,file:docs/storage/postmortem-00191.md|file:docs/network/postmortem-00117.md|file:docs/billing/postmortem-00094.md|file:docs/billing/reference-04774.md|file:docs/network/reference-00197.md,file:docs/storage/postmortem-00191.md|file:docs/network/postmortem-00117.md|file:docs/billing/postmortem-00094.md|file:docs/billing/reference-04774.md|file:docs/network/reference-00197.md
zx00181q procedure,5,0,0,file:docs/network/postmortem-00192.md|file:docs/network/postmortem-00117.md|file:docs/billing/postmortem-00094.md|file:docs/billing/reference-04774.md|file:docs/network/reference-00197.md,file:docs/network/postmortem-00192.md|file:docs/network/postmortem-00117.md|file:docs/billing/postmortem-00094.md|file:docs/billing/reference-04774.md|file:docs/network/reference-00197.md
zx00182q procedure,5,0,0,file:docs/identity/postmortem-00193.md|file:docs/network/postmortem-00117.md|file:docs/billing/postmortem-00094.md|file:docs/billing/reference-04774.md|file:docs/network/reference-00197.md,file:docs/identity/postmortem-00193.md|file:docs/network/postmortem-00117.md|file:docs/billing/postmortem-00094.md|file:docs/billing/reference-04774.md|file:docs/network/reference-00197.md
zx00183q procedure,5,0,0,file:docs/billing/postmortem-00194.md|file:docs/network/postmortem-00117.md|file:docs/billing/postmortem-00094.md|file:docs/billing/reference-04774.md|file:docs/network/reference-00197.md,file:docs/billing/postmortem-00194.md|file:docs/network/postmortem-00117.md|file:docs/billing/postmortem-00094.md|file:docs/billing/reference-04774.md|file:docs/network/reference-00197.md
zx00184q procedure,5,0,0,file:docs/platform/reference-00195.md|file:docs/network/postmortem-00117.md|file:docs/billing/postmortem-00094.md|file:docs/billing/reference-04774.md|file:docs/network/reference-00197.md,file:docs/platform/reference-00195.md|file:docs/network/postmortem-00117.md|file:docs/billing/postmortem-00094.md|file:docs/billing/reference-04774.md|file:docs/network/reference-00197.md
zx00185q procedure,5,0,0,file:docs/storage/reference-00196.md|file:docs/network/postmortem-00117.md|file:docs/billing/postmortem-00094.md|file:docs/billing/reference-04774.md|file:docs/network/reference-00197.md,file:docs/storage/reference-00196.md|file:docs/network/postmortem-00117.md|file:docs/billing/postmortem-00094.md|file:docs/billing/reference-04774.md|file:docs/network/reference-00197.md
zx00186q procedure,5,1,0,file:docs/network/reference-00197.md|file:docs/network/postmortem-00117.md|file:docs/billing/postmortem-00094.md|file:docs/billing/reference-04774.md|file:docs/network/adr-09027.md,file:docs/network/reference-00197.md|file:docs/network/postmortem-00117.md|file:docs/billing/postmortem-00094.md|file:docs/billing/reference-04774.md|file:docs/network/adr-09027.md
zx00187q procedure,5,0,0,file:docs/identity/reference-00198.md|file:docs/network/postmortem-00117.md|file:docs/billing/postmortem-00094.md|file:docs/billing/reference-04774.md|file:docs/network/reference-00197.md,file:docs/identity/reference-00198.md|file:docs/network/postmortem-00117.md|file:docs/billing/postmortem-00094.md|file:docs/billing/reference-04774.md|file:docs/network/reference-00197.md
zx00188q procedure,5,0,0,file:docs/billing/reference-00199.md|file:docs/network/postmortem-00117.md|file:docs/billing/postmortem-00094.md|file:docs/billing/reference-04774.md|file:docs/network/reference-00197.md,file:docs/billing/reference-00199.md|file:docs/network/postmortem-00117.md|file:docs/billing/postmortem-00094.md|file:docs/billing/reference-04774.md|file:docs/network/reference-00197.md
zx00189q procedure,5,0,0,file:docs/platform/adr-00200.md|file:docs/network/postmortem-00117.md|file:docs/billing/postmortem-00094.md|file:docs/billing/reference-04774.md|file:docs/network/reference-00197.md,file:docs/platform/adr-00200.md|file:docs/network/postmortem-00117.md|file:docs/billing/postmortem-00094.md|file:docs/billing/reference-04774.md|file:docs/network/reference-00197.md
zx00190q procedure,5,0,0,file:docs/storage/adr-00201.md|file:docs/network/postmortem-00117.md|file:docs/billing/postmortem-00094.md|file:docs/billing/reference-04774.md|file:docs/network/reference-00197.md,file:docs/storage/adr-00201.md|file:docs/network/postmortem-00117.md|file:docs/billing/postmortem-00094.md|file:docs/billing/reference-04774.md|file:docs/network/reference-00197.md
zx00191q procedure,5,0,0,file:docs/network/adr-00202.md|file:docs/network/postmortem-00117.md|file:docs/billing/postmortem-00094.md|file:docs/billing/reference-04774.md|file:docs/network/reference-00197.md,file:docs/network/adr-00202.md|file:docs/network/postmortem-00117.md|file:docs/billing/postmortem-00094.md|file:docs/billing/reference-04774.md|file:docs/network/reference-00197.md
zx00192q procedure,5,0,0,file:docs/identity/adr-00203.md|file:docs/network/postmortem-00117.md|file:docs/billing/postmortem-00094.md|file:docs/billing/reference-04774.md|file:docs/network/reference-00197.md,file:docs/identity/adr-00203.md|file:docs/network/postmortem-00117.md|file:docs/billing/postmortem-00094.md|file:docs/billing/reference-04774.md|file:docs/network/reference-00197.md
zx00193q procedure,5,0,0,file:docs/platform/runbook-00205.md|file:docs/network/postmortem-00117.md|file:docs/billing/postmortem-00094.md|file:docs/billing/reference-04774.md|file:docs/network/reference-00197.md,file:docs/platform/runbook-00205.md|file:docs/network/postmortem-00117.md|file:docs/billing/postmortem-00094.md|file:docs/billing/reference-04774.md|file:docs/network/reference-00197.md
zx00194q procedure,5,0,0,file:docs/storage/runbook-00206.md|file:docs/network/postmortem-00117.md|file:docs/billing/postmortem-00094.md|file:docs/billing/reference-04774.md|file:docs/network/reference-00197.md,file:docs/storage/runbook-00206.md|file:docs/network/postmortem-00117.md|file:docs/billing/postmortem-00094.md|file:docs/billing/reference-04774.md|file:docs/network/reference-00197.md
zx00195q procedure,5,0,0,file:docs/network/runbook-00207.md|file:docs/network/postmortem-00117.md|file:docs/billing/postmortem-00094.md|file:docs/billing/reference-04774.md|file:docs/network/reference-00197.md,file:docs/network/runbook-00207.md|file:docs/network/postmortem-00117.md|file:docs/billing/postmortem-00094.md|file:docs/billing/reference-04774.md|file:docs/network/reference-00197.md
zx00196q procedure,5,0,0,file:docs/identity/runbook-00208.md|file:docs/network/postmortem-00117.md|file:docs/billing/postmortem-00094.md|file:docs/billing/reference-04774.md|file:docs/network/reference-00197.md,file:docs/identity/runbook-00208.md|file:docs/network/postmortem-00117.md|file:docs/billing/postmortem-00094.md|file:docs/billing/reference-04774.md|file:docs/network/reference-00197.md
zx00197q procedure,5,0,0,file:docs/billing/runbook-00209.md|file:docs/network/postmortem-00117.md|file:docs/billing/postmortem-00094.md|file:docs/billing/reference-04774.md|file:docs/network/reference-00197.md,file:docs/billing/runbook-00209.md|file:docs/network/postmortem-00117.md|file:docs/billing/postmortem-00094.md|file:docs/billing/reference-04774.md|file:docs/network/reference-00197.md
zx00198q procedure,5,0,0,file:docs/platform/guide-00210.md|file:docs/network/postmortem-00117.md|file:docs/billing/postmortem-00094.md|file:docs/billing/reference-04774.md|file:docs/network/reference-00197.md,file:docs/platform/guide-00210.md|file:docs/network/postmortem-00117.md|file:docs/billing/postmortem-00094.md|file:docs/billing/reference-04774.md|file:docs/network/reference-00197.md
zx00199q procedure,5,0,0,file:docs/storage/guide-00211.md|file:docs/network/postmortem-00117.md|file:docs/billing/postmortem-00094.md|file:docs/billing/reference-04774.md|file:docs/network/reference-00197.md,file:docs/storage/guide-00211.md|file:docs/network/postmortem-00117.md|file:docs/billing/postmortem-00094.md|file:docs/billing/reference-04774.md|file:docs/network/reference-00197.md
zx00200q procedure,5,0,0,file:docs/network/guide-00212.md|file:docs/network/postmortem-00117.md|file:docs/billing/postmortem-00094.md|file:docs/billing/reference-04774.md|file:docs/network/reference-00197.md,file:docs/network/guide-00212.md|file:docs/network/postmortem-00117.md|file:docs/billing/postmortem-00094.md|file:docs/billing/reference-04774.md|file:docs/network/reference-00197.md
zx00201q procedure,5,0,0,file:docs/identity/guide-00213.md|file:docs/network/postmortem-00117.md|file:docs/billing/postmortem-00094.md|file:docs/billing/reference-04774.md|file:docs/network/reference-00197.md,file:docs/identity/guide-00213.md|file:docs/network/postmortem-00117.md|file:docs/billing/postmortem-00094.md|file:docs/billing/reference-04774.md|file:docs/network/reference-00197.md
zx00202q procedure,5,0,0,file:docs/billing/guide-00214.md|file:docs/network/postmortem-00117.md|file:docs/billing/postmortem-00094.md|file:docs/billing/reference-04774.md|file:docs/network/reference-00197.md,file:docs/billing/guide-00214.md|file:docs/network/postmortem-00117.md|file:docs/billing/postmortem-00094.md|file:docs/billing/reference-04774.md|file:docs/network/reference-00197.md
zx00203q procedure,5,0,0,file:docs/platform/postmortem-00215.md|file:docs/network/postmortem-00117.md|file:docs/billing/postmortem-00094.md|file:docs/billing/reference-04774.md|file:docs/network/reference-00197.md,file:docs/platform/postmortem-00215.md|file:docs/network/postmortem-00117.md|file:docs/billing/postmortem-00094.md|file:docs/billing/reference-04774.md|file:docs/network/reference-00197.md
zx00204q procedure,5,0,0,file:docs/storage/postmortem-00216.md|file:docs/network/postmortem-00117.md|file:docs/billing/postmortem-00094.md|file:docs/billing/reference-04774.md|file:docs/network/reference-00197.md,file:docs/storage/postmortem-00216.md|file:docs/network/postmortem-00117.md|file:docs/billing/postmortem-00094.md|file:docs/billing/reference-04774.md|file:docs/network/reference-00197.md
zx00205q procedure,5,0,0,file:docs/network/postmortem-00217.md|file:docs/network/postmortem-00117.md|file:docs/billing/postmortem-00094.md|file:docs/billing/reference-04774.md|file:docs/network/reference-00197.md,file:docs/network/postmortem-00217.md|file:docs/network/postmortem-00117.md|file:docs/billing/postmortem-00094.md|file:docs/billing/reference-04774.md|file:docs/network/reference-00197.md
zx00206q procedure,5,0,0,file:docs/identity/postmortem-00218.md|file:docs/network/postmortem-00117.md|file:docs/billing/postmortem-00094.md|file:docs/billing/reference-04774.md|file:docs/network/reference-00197.md,file:docs/identity/postmortem-00218.md|file:docs/network/postmortem-00117.md|file:docs/billing/postmortem-00094.md|file:docs/billing/reference-04774.md|file:docs/network/reference-00197.md
zx00207q procedure,5,0,0,file:docs/billing/postmortem-00219.md|file:docs/network/postmortem-00117.md|file:docs/billing/postmortem-00094.md|file:docs/billing/reference-04774.md|file:docs/network/reference-00197.md,file:docs/billing/postmortem-00219.md|file:docs/network/postmortem-00117.md|file:docs/billing/postmortem-00094.md|file:docs/billing/reference-04774.md|file:docs/network/reference-00197.md
zx00208q procedure,5,0,0,file:docs/platform/reference-00220.md|file:docs/network/postmortem-00117.md|file:docs/billing/postmortem-00094.md|file:docs/billing/reference-04774.md|file:docs/network/reference-00197.md,file:docs/platform/reference-00220.md|file:docs/network/postmortem-00117.md|file:docs/billing/postmortem-00094.md|file:docs/billing/reference-04774.md|file:docs/network/reference-00197.md
zx00209q procedure,5,0,0,file:docs/storage/reference-00221.md|file:docs/network/postmortem-00117.md|file:docs/billing/postmortem-00094.md|file:docs/billing/reference-04774.md|file:docs/network/reference-00197.md,file:docs/storage/reference-00221.md|file:docs/network/postmortem-00117.md|file:docs/billing/postmortem-00094.md|file:docs/billing/reference-04774.md|file:docs/network/reference-00197.md
zx00210q procedure,5,0,0,file:docs/network/reference-00222.md|file:docs/network/postmortem-00117.md|file:docs/billing/postmortem-00094.md|file:docs/billing/reference-04774.md|file:docs/network/reference-00197.md,file:docs/network/reference-00222.md|file:docs/network/postmortem-00117.md|file:docs/billing/postmortem-00094.md|file:docs/billing/reference-04774.md|file:docs/network/reference-00197.md
zx00211q procedure,5,0,0,file:docs/identity/reference-00223.md|file:docs/network/postmortem-00117.md|file:docs/billing/postmortem-00094.md|file:docs/billing/reference-04774.md|file:docs/network/reference-00197.md,file:docs/identity/reference-00223.md|file:docs/network/postmortem-00117.md|file:docs/billing/postmortem-00094.md|file:docs/billing/reference-04774.md|file:docs/network/reference-00197.md
zx00212q procedure,5,0,0,file:docs/billing/reference-00224.md|file:docs/network/postmortem-00117.md|file:docs/billing/postmortem-00094.md|file:docs/billing/reference-04774.md|file:docs/network/reference-00197.md,file:docs/billing/reference-00224.md|file:docs/network/postmortem-00117.md|file:docs/billing/postmortem-00094.md|file:docs/billing/reference-04774.md|file:docs/network/reference-00197.md
zx00213q procedure,5,0,0,file:docs/platform/adr-00225.md|file:docs/network/postmortem-00117.md|file:docs/billing/postmortem-00094.md|file:docs/billing/reference-04774.md|file:docs/network/reference-00197.md,file:docs/platform/adr-00225.md|file:docs/network/postmortem-00117.md|file:docs/billing/postmortem-00094.md|file:docs/billing/reference-04774.md|file:docs/network/reference-00197.md
zx00214q procedure,5,0,0,file:docs/storage/adr-00226.md|file:docs/network/postmortem-00117.md|file:docs/billing/postmortem-00094.md|file:docs/billing/reference-04774.md|file:docs/network/reference-00197.md,file:docs/storage/adr-00226.md|file:docs/network/postmortem-00117.md|file:docs/billing/postmortem-00094.md|file:docs/billing/reference-04774.md|file:docs/network/reference-00197.md
zx00215q procedure,5,0,0,file:docs/network/adr-00227.md|file:docs/network/postmortem-00117.md|file:docs/billing/postmortem-00094.md|file:docs/billing/reference-04774.md|file:docs/network/reference-00197.md,file:docs/network/adr-00227.md|file:docs/network/postmortem-00117.md|file:docs/billing/postmortem-00094.md|file:docs/billing/reference-04774.md|file:docs/network/reference-00197.md
zx00216q procedure,5,0,0,file:docs/identity/adr-00228.md|file:docs/network/postmortem-00117.md|file:docs/billing/postmortem-00094.md|file:docs/billing/reference-04774.md|file:docs/network/reference-00197.md,file:docs/identity/adr-00228.md|file:docs/network/postmortem-00117.md|file:docs/billing/postmortem-00094.md|file:docs/billing/reference-04774.md|file:docs/network/reference-00197.md
zx00217q procedure,5,0,0,file:docs/billing/adr-00229.md|file:docs/network/postmortem-00117.md|file:docs/billing/postmortem-00094.md|file:docs/billing/reference-04774.md|file:docs/network/reference-00197.md,file:docs/billing/adr-00229.md|file:docs/network/postmortem-00117.md|file:docs/billing/postmortem-00094.md|file:docs/billing/reference-04774.md|file:docs/network/reference-00197.md
zx00218q procedure,5,0,0,file:docs/platform/runbook-00230.md|file:docs/network/postmortem-00117.md|file:docs/billing/postmortem-00094.md|file:docs/billing/reference-04774.md|file:docs/network/reference-00197.md,file:docs/platform/runbook-00230.md|file:docs/network/postmortem-00117.md|file:docs/billing/postmortem-00094.md|file:docs/billing/reference-04774.md|file:docs/network/reference-00197.md
zx00219q procedure,5,0,0,file:docs/storage/runbook-00231.md|file:docs/network/postmortem-00117.md|file:docs/billing/postmortem-00094.md|file:docs/billing/reference-04774.md|file:docs/network/reference-00197.md,file:docs/storage/runbook-00231.md|file:docs/network/postmortem-00117.md|file:docs/billing/postmortem-00094.md|file:docs/billing/reference-04774.md|file:docs/network/reference-00197.md
zx00220q procedure,5,0,0,file:docs/network/runbook-00232.md|file:docs/network/postmortem-00117.md|file:docs/billing/postmortem-00094.md|file:docs/billing/reference-04774.md|file:docs/network/reference-00197.md,file:docs/network/runbook-00232.md|file:docs/network/postmortem-00117.md|file:docs/billing/postmortem-00094.md|file:docs/billing/reference-04774.md|file:docs/network/reference-00197.md
zx00221q procedure,5,0,0,file:docs/identity/runbook-00233.md|file:docs/network/postmortem-00117.md|file:docs/billing/postmortem-00094.md|file:docs/billing/reference-04774.md|file:docs/network/reference-00197.md,file:docs/identity/runbook-00233.md|file:docs/network/postmortem-00117.md|file:docs/billing/postmortem-00094.md|file:docs/billing/reference-04774.md|file:docs/network/reference-00197.md
zx00222q procedure,5,0,0,file:docs/platform/guide-00235.md|file:docs/network/postmortem-00117.md|file:docs/billing/postmortem-00094.md|file:docs/billing/reference-04774.md|file:docs/network/reference-00197.md,file:docs/platform/guide-00235.md|file:docs/network/postmortem-00117.md|file:docs/billing/postmortem-00094.md|file:docs/billing/reference-04774.md|file:docs/network/reference-00197.md
zx00223q procedure,5,0,0,file:docs/storage/guide-00236.md|file:docs/network/postmortem-00117.md|file:docs/billing/postmortem-00094.md|file:docs/billing/reference-04774.md|file:docs/network/reference-00197.md,file:docs/storage/guide-00236.md|file:docs/network/postmortem-00117.md|file:docs/billing/postmortem-00094.md|file:docs/billing/reference-04774.md|file:docs/network/reference-00197.md
zx00224q procedure,5,0,0,file:docs/network/guide-00237.md|file:docs/network/postmortem-00117.md|file:docs/billing/postmortem-00094.md|file:docs/billing/reference-04774.md|file:docs/network/reference-00197.md,file:docs/network/guide-00237.md|file:docs/network/postmortem-00117.md|file:docs/billing/postmortem-00094.md|file:docs/billing/reference-04774.md|file:docs/network/reference-00197.md
zx00225q procedure,5,0,0,file:docs/identity/guide-00238.md|file:docs/network/postmortem-00117.md|file:docs/billing/postmortem-00094.md|file:docs/billing/reference-04774.md|file:docs/network/reference-00197.md,file:docs/identity/guide-00238.md|file:docs/network/postmortem-00117.md|file:docs/billing/postmortem-00094.md|file:docs/billing/reference-04774.md|file:docs/network/reference-00197.md
zx00226q procedure,5,0,0,file:docs/billing/guide-00239.md|file:docs/network/postmortem-00117.md|file:docs/billing/postmortem-00094.md|file:docs/billing/reference-04774.md|file:docs/network/reference-00197.md,file:docs/billing/guide-00239.md|file:docs/network/postmortem-00117.md|file:docs/billing/postmortem-00094.md|file:docs/billing/reference-04774.md|file:docs/network/reference-00197.md
zx00227q procedure,5,0,0,file:docs/platform/postmortem-00240.md|file:docs/network/postmortem-00117.md|file:docs/billing/postmortem-00094.md|file:docs/billing/reference-04774.md|file:docs/network/reference-00197.md,file:docs/platform/postmortem-00240.md|file:docs/network/postmortem-00117.md|file:docs/billing/postmortem-00094.md|file:docs/billing/reference-04774.md|file:docs/network/reference-00197.md
zx00228q procedure,5,0,0,file:docs/storage/postmortem-00241.md|file:docs/network/postmortem-00117.md|file:docs/billing/postmortem-00094.md|file:docs/billing/reference-04774.md|file:docs/network/reference-00197.md,file:docs/storage/postmortem-00241.md|file:docs/network/postmortem-00117.md|file:docs/billing/postmortem-00094.md|file:docs/billing/reference-04774.md|file:docs/network/reference-00197.md
zx00229q procedure,5,0,0,file:docs/network/postmortem-00242.md|file:docs/network/postmortem-00117.md|file:docs/billing/postmortem-00094.md|file:docs/billing/reference-04774.md|file:docs/network/reference-00197.md,file:docs/network/postmortem-00242.md|file:docs/network/postmortem-00117.md|file:docs/billing/postmortem-00094.md|file:docs/billing/reference-04774.md|file:docs/network/reference-00197.md
zx00230q procedure,5,0,0,file:docs/identity/postmortem-00243.md|file:docs/network/postmortem-00117.md|file:docs/billing/postmortem-00094.md|file:docs/billing/reference-04774.md|file:docs/network/reference-00197.md,file:docs/identity/postmortem-00243.md|file:docs/network/postmortem-00117.md|file:docs/billing/postmortem-00094.md|file:docs/billing/reference-04774.md|file:docs/network/reference-00197.md
zx00231q procedure,5,0,0,file:docs/billing/postmortem-00244.md|file:docs/network/postmortem-00117.md|file:docs/billing/postmortem-00094.md|file:docs/billing/reference-04774.md|file:docs/network/reference-00197.md,file:docs/billing/postmortem-00244.md|file:docs/network/postmortem-00117.md|file:docs/billing/postmortem-00094.md|file:docs/billing/reference-04774.md|file:docs/network/reference-00197.md
zx00232q procedure,5,0,0,file:docs/platform/reference-00245.md|file:docs/network/postmortem-00117.md|file:docs/billing/postmortem-00094.md|file:docs/billing/reference-04774.md|file:docs/network/reference-00197.md,file:docs/platform/reference-00245.md|file:docs/network/postmortem-00117.md|file:docs/billing/postmortem-00094.md|file:docs/billing/reference-04774.md|file:docs/network/reference-00197.md
zx00233q procedure,5,0,0,file:docs/storage/reference-00246.md|file:docs/network/postmortem-00117.md|file:docs/billing/postmortem-00094.md|file:docs/billing/reference-04774.md|file:docs/network/reference-00197.md,file:docs/storage/reference-00246.md|file:docs/network/postmortem-00117.md|file:docs/billing/postmortem-00094.md|file:docs/billing/reference-04774.md|file:docs/network/reference-00197.md
zx00234q procedure,5,0,0,file:docs/network/reference-00247.md|file:docs/network/postmortem-00117.md|file:docs/billing/postmortem-00094.md|file:docs/billing/reference-04774.md|file:docs/network/reference-00197.md,file:docs/network/reference-00247.md|file:docs/network/postmortem-00117.md|file:docs/billing/postmortem-00094.md|file:docs/billing/reference-04774.md|file:docs/network/reference-00197.md
zx00235q procedure,5,0,0,file:docs/identity/reference-00248.md|file:docs/network/postmortem-00117.md|file:docs/billing/postmortem-00094.md|file:docs/billing/reference-04774.md|file:docs/network/reference-00197.md,file:docs/identity/reference-00248.md|file:docs/network/postmortem-00117.md|file:docs/billing/postmortem-00094.md|file:docs/billing/reference-04774.md|file:docs/network/reference-00197.md
zx00236q procedure,5,0,0,file:docs/billing/reference-00249.md|file:docs/network/postmortem-00117.md|file:docs/billing/postmortem-00094.md|file:docs/billing/reference-04774.md|file:docs/network/reference-00197.md,file:docs/billing/reference-00249.md|file:docs/network/postmortem-00117.md|file:docs/billing/postmortem-00094.md|file:docs/billing/reference-04774.md|file:docs/network/reference-00197.md
zx00237q procedure,5,0,0,file:docs/platform/adr-00250.md|file:docs/network/postmortem-00117.md|file:docs/billing/postmortem-00094.md|file:docs/billing/reference-04774.md|file:docs/network/reference-00197.md,file:docs/platform/adr-00250.md|file:docs/network/postmortem-00117.md|file:docs/billing/postmortem-00094.md|file:docs/billing/reference-04774.md|file:docs/network/reference-00197.md
zx00238q procedure,5,0,0,file:docs/storage/adr-00251.md|file:docs/network/postmortem-00117.md|file:docs/billing/postmortem-00094.md|file:docs/billing/reference-04774.md|file:docs/network/reference-00197.md,file:docs/storage/adr-00251.md|file:docs/network/postmortem-00117.md|file:docs/billing/postmortem-00094.md|file:docs/billing/reference-04774.md|file:docs/network/reference-00197.md
zx00239q procedure,5,0,0,file:docs/network/adr-00252.md|file:docs/network/postmortem-00117.md|file:docs/billing/postmortem-00094.md|file:docs/billing/reference-04774.md|file:docs/network/reference-00197.md,file:docs/network/adr-00252.md|file:docs/network/postmortem-00117.md|file:docs/billing/postmortem-00094.md|file:docs/billing/reference-04774.md|file:docs/network/reference-00197.md
