chunk_index,doc,ordinal,cosine,int8_identical
0,docs/01-sop-temperature-excursion.md,0,1.000000000,1
1,docs/01-sop-temperature-excursion.md,1,1.000000000,1
2,docs/01-sop-temperature-excursion.md,2,1.000000000,1
3,docs/01-sop-temperature-excursion.md,3,1.000000000,1
4,docs/01-sop-temperature-excursion.md,4,1.000000000,1
5,docs/01-sop-temperature-excursion.md,5,1.000000000,1
6,docs/01-sop-temperature-excursion.md,6,1.000000000,1
7,docs/01-sop-temperature-excursion.md,7,1.000000000,1
8,docs/01-sop-temperature-excursion.md,8,1.000000000,1
9,docs/01-sop-temperature-excursion.md,9,1.000000000,1
10,docs/01-sop-temperature-excursion.md,10,1.000000000,1
11,docs/01-sop-temperature-excursion.md,11,1.000000000,1
12,docs/01-sop-temperature-excursion.md,12,1.000000000,1
13,docs/01-sop-temperature-excursion.md,13,1.000000000,1
14,docs/01-sop-temperature-excursion.md,14,1.000000000,1
15,docs/01-sop-temperature-excursion.md,15,1.000000000,1
16,docs/03-postmortem-nagpur-vaccine-excursion.md,0,1.000000000,1
17,docs/03-postmortem-nagpur-vaccine-excursion.md,1,1.000000000,1
18,docs/03-postmortem-nagpur-vaccine-excursion.md,2,1.000000000,1
19,docs/03-postmortem-nagpur-vaccine-excursion.md,3,1.000000000,1
20,docs/03-postmortem-nagpur-vaccine-excursion.md,4,1.000000000,1
21,docs/03-postmortem-nagpur-vaccine-excursion.md,5,1.000000000,1
22,docs/03-postmortem-nagpur-vaccine-excursion.md,6,1.000000000,1
23,docs/03-postmortem-nagpur-vaccine-excursion.md,7,1.000000000,1
24,docs/03-postmortem-nagpur-vaccine-excursion.md,8,1.000000000,1
25,docs/03-postmortem-nagpur-vaccine-excursion.md,9,1.000000000,1
26,docs/03-postmortem-nagpur-vaccine-excursion.md,10,1.000000000,1
27,docs/03-postmortem-nagpur-vaccine-excursion.md,11,1.000000000,1
28,docs/03-postmortem-nagpur-vaccine-excursion.md,12,1.000000000,1
29,docs/03-postmortem-nagpur-vaccine-excursion.md,13,1.000000000,1
30,docs/03-postmortem-nagpur-vaccine-excursion.md,14,1.000000000,1
31,docs/03-postmortem-nagpur-vaccine-excursion.md,15,1.000000000,1
32,docs/03-postmortem-nagpur-vaccine-excursion.md,16,1.000000000,1
33,docs/03-postmortem-nagpur-vaccine-excursion.md,17,1.000000000,1
34,docs/03-postmortem-nagpur-vaccine-excursion.md,18,1.000000000,1
35,docs/05-decision-telematics-vendor-2023.md,0,1.000000000,1
36,docs/05-decision-telematics-vendor-2023.md,1,1.000000000,1
37,docs/05-decision-telematics-vendor-2023.md,2,1.000000000,1
38,docs/05-decision-telematics-vendor-2023.md,3,1.000000000,1
39,docs/05-decision-telematics-vendor-2023.md,4,1.000000000,1
40,docs/07-rate-card-and-surcharges.md,0,1.000000000,1
41,docs/07-rate-card-and-surcharges.md,1,1.000000000,1
42,docs/07-rate-card-and-surcharges.md,2,1.000000000,1
43,docs/07-rate-card-and-surcharges.md,3,1.000000000,1
44,docs/07-rate-card-and-surcharges.md,4,1.000000000,1
45,docs/07-rate-card-and-surcharges.md,5,1.000000000,1
46,docs/07-rate-card-and-surcharges.md,6,1.000000000,1
47,docs/07-rate-card-and-surcharges.md,7,1.000000000,1
48,docs/07-rate-card-and-surcharges.md,8,1.000000000,1
49,docs/08-driver-hours-and-safety-policy.md,0,1.000000000,1
50,docs/08-driver-hours-and-safety-policy.md,1,1.000000000,1
51,docs/08-driver-hours-and-safety-policy.md,2,1.000000000,1
52,docs/08-driver-hours-and-safety-policy.md,3,1.000000000,1
53,docs/08-driver-hours-and-safety-policy.md,4,1.000000000,1
54,docs/08-driver-hours-and-safety-policy.md,5,1.000000000,1
55,docs/08-driver-hours-and-safety-policy.md,6,1.000000000,1
56,docs/08-driver-hours-and-safety-policy.md,7,1.000000000,1
57,docs/08-driver-hours-and-safety-policy.md,8,1.000000000,1
58,docs/08-driver-hours-and-safety-policy.md,9,1.000000000,1
59,docs/10-new-joiner-faq.md,0,1.000000000,1
60,docs/10-new-joiner-faq.md,1,1.000000000,1
61,docs/10-new-joiner-faq.md,2,1.000000000,1
62,docs/10-new-joiner-faq.md,3,1.000000000,1
63,docs/10-new-joiner-faq.md,4,1.000000000,1
64,docs/10-new-joiner-faq.md,5,1.000000000,1
65,docs/10-new-joiner-faq.md,6,1.000000000,1
66,docs/10-new-joiner-faq.md,7,1.000000000,1
67,docs/11-decision-telematics-vendor-2026.md,0,1.000000000,1
68,docs/11-decision-telematics-vendor-2026.md,1,1.000000000,1
69,docs/11-decision-telematics-vendor-2026.md,2,1.000000000,1
70,docs/11-decision-telematics-vendor-2026.md,3,1.000000000,1
71,docs/11-decision-telematics-vendor-2026.md,4,1.000000000,1
72,docs/11-decision-telematics-vendor-2026.md,5,1.000000000,1
73,docs/11-decision-telematics-vendor-2026.md,6,1.000000000,1
74,docs/11-decision-telematics-vendor-2026.md,7,1.000000000,1
75,docs/11-decision-telematics-vendor-2026.md,8,1.000000000,1
76,docs/11-decision-telematics-vendor-2026.md,9,1.000000000,1
77,docs/12-rate-card-2026-h2.md,0,1.000000000,1
78,docs/12-rate-card-2026-h2.md,1,1.000000000,1
79,docs/12-rate-card-2026-h2.md,2,1.000000000,1
80,docs/12-rate-card-2026-h2.md,3,1.000000000,1
81,docs/12-rate-card-2026-h2.md,4,1.000000000,1
82,docs/12-rate-card-2026-h2.md,5,1.000000000,1
83,docs/12-rate-card-2026-h2.md,6,1.000000000,1
84,docs/12-rate-card-2026-h2.md,7,1.000000000,1
85,docs/12-rate-card-2026-h2.md,8,1.000000000,1
86,docs/12-rate-card-2026-h2.md,9,1.000000000,1
87,docs/12-rate-card-2026-h2.md,10,1.000000000,1
88,docs/12-rate-card-2026-h2.md,11,1.000000000,1
89,docs/13-dock-scheduling-rules-2026.md,0,1.000000000,1
90,docs/13-dock-scheduling-rules-2026.md,1,1.000000000,1
91,docs/13-dock-scheduling-rules-2026.md,2,1.000000000,1
92,docs/13-dock-scheduling-rules-2026.md,3,1.000000000,1
93,docs/13-dock-scheduling-rules-2026.md,4,1.000000000,1
94,docs/13-dock-scheduling-rules-2026.md,5,1.000000000,1
95,docs/13-dock-scheduling-rules-2026.md,6,1.000000000,1
96,docs/13-dock-scheduling-rules-2026.md,7,1.000000000,1
97,docs/13-dock-scheduling-rules-2026.md,8,1.000000000,1
98,docs/13-dock-scheduling-rules-2026.md,9,1.000000000,1
99,docs/13-dock-scheduling-rules-2026.md,10,1.000000000,1
100,docs/14-customer-notification-matrix-2025.md,0,1.000000000,1
101,docs/14-customer-notification-matrix-2025.md,1,1.000000000,1
102,docs/14-customer-notification-matrix-2025.md,2,1.000000000,1
103,docs/14-customer-notification-matrix-2025.md,3,1.000000000,1
104,docs/14-customer-notification-matrix-2025.md,4,1.000000000,1
105,docs/14-customer-notification-matrix-2025.md,5,1.000000000,1
106,docs/14-customer-notification-matrix-2025.md,6,1.000000000,1
107,docs/14-customer-notification-matrix-2025.md,7,1.000000000,1
108,docs/14-customer-notification-matrix-2025.md,8,1.000000000,1
109,docs/15-customer-notification-matrix-2026.md,0,1.000000000,1
110,docs/15-customer-notification-matrix-2026.md,1,1.000000000,1
111,docs/15-customer-notification-matrix-2026.md,2,1.000000000,1
112,docs/15-customer-notification-matrix-2026.md,3,1.000000000,1
113,docs/15-customer-notification-matrix-2026.md,4,1.000000000,1
114,docs/15-customer-notification-matrix-2026.md,5,1.000000000,1
115,docs/15-customer-notification-matrix-2026.md,6,1.000000000,1
116,docs/15-customer-notification-matrix-2026.md,7,1.000000000,1
117,docs/15-customer-notification-matrix-2026.md,8,1.000000000,1
118,docs/15-customer-notification-matrix-2026.md,9,1.000000000,1
