query_id,query,cosine_arm64_vs_x86_64,int8_query_vector_identical,top5_arm64,top5_x86_64,orderings_match
g001,max hours a driver can be on duty in a day,1.000000000,1,docs/08-driver-hours-and-safety-policy.md|docs/07-rate-card-and-surcharges.md|docs/10-new-joiner-faq.md|docs/13-dock-scheduling-rules-2026.md|docs/12-rate-card-2026-h2.md,docs/08-driver-hours-and-safety-policy.md|docs/07-rate-card-and-surcharges.md|docs/10-new-joiner-faq.md|docs/13-dock-scheduling-rules-2026.md|docs/12-rate-card-2026-h2.md,1
g002,our medicine chiller ran warm overnight. after how much time does that become a formal quality event?,1.000000000,1,docs/15-customer-notification-matrix-2026.md|docs/01-sop-temperature-excursion.md|docs/13-dock-scheduling-rules-2026.md|docs/14-customer-notification-matrix-2025.md|docs/03-postmortem-nagpur-vaccine-excursion.md,docs/15-customer-notification-matrix-2026.md|docs/01-sop-temperature-excursion.md|docs/13-dock-scheduling-rules-2026.md|docs/14-customer-notification-matrix-2025.md|docs/03-postmortem-nagpur-vaccine-excursion.md,1
g003,"under revision 2.0 of the SOP, how long above the limit made a vaccine excursion?",1.000000000,1,docs/01-sop-temperature-excursion.md|docs/15-customer-notification-matrix-2026.md|docs/03-postmortem-nagpur-vaccine-excursion.md|docs/14-customer-notification-matrix-2025.md|docs/12-rate-card-2026-h2.md,docs/01-sop-temperature-excursion.md|docs/15-customer-notification-matrix-2026.md|docs/03-postmortem-nagpur-vaccine-excursion.md|docs/14-customer-notification-matrix-2025.md|docs/12-rate-card-2026-h2.md,1
g004,acknowledging a tessaline alarm — what does that NOT do?,1.000000000,1,docs/01-sop-temperature-excursion.md|docs/08-driver-hours-and-safety-policy.md|docs/10-new-joiner-faq.md|docs/15-customer-notification-matrix-2026.md|docs/14-customer-notification-matrix-2025.md,docs/01-sop-temperature-excursion.md|docs/08-driver-hours-and-safety-policy.md|docs/10-new-joiner-faq.md|docs/15-customer-notification-matrix-2026.md|docs/14-customer-notification-matrix-2025.md,1
g005,frozen chicken hit -16.2 for 14 minutes then recovered. excursion?,1.000000000,1,docs/15-customer-notification-matrix-2026.md|docs/01-sop-temperature-excursion.md|docs/13-dock-scheduling-rules-2026.md|docs/07-rate-card-and-surcharges.md|docs/12-rate-card-2026-h2.md,docs/15-customer-notification-matrix-2026.md|docs/01-sop-temperature-excursion.md|docs/13-dock-scheduling-rules-2026.md|docs/07-rate-card-and-surcharges.md|docs/12-rate-card-2026-h2.md,1
g006,what temperature do we have to keep chocolate at?,1.000000000,1,docs/01-sop-temperature-excursion.md|docs/15-customer-notification-matrix-2026.md|docs/14-customer-notification-matrix-2025.md|docs/13-dock-scheduling-rules-2026.md|docs/10-new-joiner-faq.md,docs/01-sop-temperature-excursion.md|docs/15-customer-notification-matrix-2026.md|docs/14-customer-notification-matrix-2025.md|docs/13-dock-scheduling-rules-2026.md|docs/10-new-joiner-faq.md,1
g007,how much extra goes on the bill when fuel gets dear?,1.000000000,1,docs/07-rate-card-and-surcharges.md|docs/12-rate-card-2026-h2.md|docs/13-dock-scheduling-rules-2026.md|docs/15-customer-notification-matrix-2026.md|docs/14-customer-notification-matrix-2025.md,docs/07-rate-card-and-surcharges.md|docs/12-rate-card-2026-h2.md|docs/13-dock-scheduling-rules-2026.md|docs/15-customer-notification-matrix-2026.md|docs/14-customer-notification-matrix-2025.md,1
g008,can i use a point-and-shoot temperature gun to decide whether goods can leave?,1.000000000,1,docs/01-sop-temperature-excursion.md|docs/15-customer-notification-matrix-2026.md|docs/14-customer-notification-matrix-2025.md|docs/10-new-joiner-faq.md|docs/08-driver-hours-and-safety-policy.md,docs/01-sop-temperature-excursion.md|docs/15-customer-notification-matrix-2026.md|docs/14-customer-notification-matrix-2025.md|docs/10-new-joiner-faq.md|docs/08-driver-hours-and-safety-policy.md,1
g009,bharatvac order number for the rotavirus consignment,1.000000000,1,docs/15-customer-notification-matrix-2026.md|docs/03-postmortem-nagpur-vaccine-excursion.md|docs/01-sop-temperature-excursion.md|docs/12-rate-card-2026-h2.md|docs/07-rate-card-and-surcharges.md,docs/15-customer-notification-matrix-2026.md|docs/03-postmortem-nagpur-vaccine-excursion.md|docs/01-sop-temperature-excursion.md|docs/12-rate-card-2026-h2.md|docs/07-rate-card-and-surcharges.md,1
g010,what is RF-118's fuel consumption?,1.000000000,1,docs/07-rate-card-and-surcharges.md|docs/11-decision-telematics-vendor-2026.md|docs/15-customer-notification-matrix-2026.md|docs/12-rate-card-2026-h2.md|docs/08-driver-hours-and-safety-policy.md,docs/07-rate-card-and-surcharges.md|docs/11-decision-telematics-vendor-2026.md|docs/15-customer-notification-matrix-2026.md|docs/12-rate-card-2026-h2.md|docs/08-driver-hours-and-safety-policy.md,1
g011,how much grace does a pharma truck get at nagpur?,1.000000000,1,docs/07-rate-card-and-surcharges.md|docs/12-rate-card-2026-h2.md|docs/13-dock-scheduling-rules-2026.md|docs/05-decision-telematics-vendor-2023.md|docs/01-sop-temperature-excursion.md,docs/07-rate-card-and-surcharges.md|docs/12-rate-card-2026-h2.md|docs/13-dock-scheduling-rules-2026.md|docs/05-decision-telematics-vendor-2023.md|docs/01-sop-temperature-excursion.md,1
g012,what temperature range do vaccines have to stay in,1.000000000,1,docs/15-customer-notification-matrix-2026.md|docs/01-sop-temperature-excursion.md|docs/03-postmortem-nagpur-vaccine-excursion.md|docs/12-rate-card-2026-h2.md|docs/07-rate-card-and-surcharges.md,docs/15-customer-notification-matrix-2026.md|docs/01-sop-temperature-excursion.md|docs/03-postmortem-nagpur-vaccine-excursion.md|docs/12-rate-card-2026-h2.md|docs/07-rate-card-and-surcharges.md,1
g013,what does NOT count as the 30 minute break?,1.000000000,1,docs/08-driver-hours-and-safety-policy.md|docs/13-dock-scheduling-rules-2026.md|docs/14-customer-notification-matrix-2025.md|docs/15-customer-notification-matrix-2026.md|docs/07-rate-card-and-surcharges.md,docs/08-driver-hours-and-safety-policy.md|docs/13-dock-scheduling-rules-2026.md|docs/14-customer-notification-matrix-2025.md|docs/15-customer-notification-matrix-2026.md|docs/07-rate-card-and-surcharges.md,1
g014,who insures our cold chain write-offs?,1.000000000,1,docs/13-dock-scheduling-rules-2026.md|docs/01-sop-temperature-excursion.md|docs/14-customer-notification-matrix-2025.md|docs/15-customer-notification-matrix-2026.md|docs/08-driver-hours-and-safety-policy.md,docs/13-dock-scheduling-rules-2026.md|docs/01-sop-temperature-excursion.md|docs/14-customer-notification-matrix-2025.md|docs/15-customer-notification-matrix-2026.md|docs/08-driver-hours-and-safety-policy.md,1
g015,which assets were the tessaline pilot,1.000000000,1,docs/11-decision-telematics-vendor-2026.md|docs/05-decision-telematics-vendor-2023.md|docs/01-sop-temperature-excursion.md|docs/10-new-joiner-faq.md|docs/08-driver-hours-and-safety-policy.md,docs/11-decision-telematics-vendor-2026.md|docs/05-decision-telematics-vendor-2023.md|docs/01-sop-temperature-excursion.md|docs/10-new-joiner-faq.md|docs/08-driver-hours-and-safety-policy.md,1
g016,who picks up routine questions while the offices are open?,1.000000000,1,docs/01-sop-temperature-excursion.md|docs/10-new-joiner-faq.md|docs/15-customer-notification-matrix-2026.md|docs/14-customer-notification-matrix-2025.md|docs/13-dock-scheduling-rules-2026.md,docs/01-sop-temperature-excursion.md|docs/10-new-joiner-faq.md|docs/15-customer-notification-matrix-2026.md|docs/14-customer-notification-matrix-2025.md|docs/13-dock-scheduling-rules-2026.md,1
g017,the cooling box on a lorry is misbehaving mid-journey. where should the person at the wheel pull in?,1.000000000,1,docs/08-driver-hours-and-safety-policy.md|docs/01-sop-temperature-excursion.md|docs/13-dock-scheduling-rules-2026.md|docs/14-customer-notification-matrix-2025.md|docs/07-rate-card-and-surcharges.md,docs/08-driver-hours-and-safety-policy.md|docs/01-sop-temperature-excursion.md|docs/13-dock-scheduling-rules-2026.md|docs/14-customer-notification-matrix-2025.md|docs/07-rate-card-and-surcharges.md,1
g018,a manager told someone to keep going past the limit. what is that called?,1.000000000,1,docs/15-customer-notification-matrix-2026.md|docs/14-customer-notification-matrix-2025.md|docs/07-rate-card-and-surcharges.md|docs/01-sop-temperature-excursion.md|docs/08-driver-hours-and-safety-policy.md,docs/15-customer-notification-matrix-2026.md|docs/14-customer-notification-matrix-2025.md|docs/07-rate-card-and-surcharges.md|docs/01-sop-temperature-excursion.md|docs/08-driver-hours-and-safety-policy.md,1
g019,when is a hand written dock reading NOT good enough?,1.000000000,1,docs/13-dock-scheduling-rules-2026.md|docs/10-new-joiner-faq.md|docs/07-rate-card-and-surcharges.md|docs/01-sop-temperature-excursion.md|docs/12-rate-card-2026-h2.md,docs/13-dock-scheduling-rules-2026.md|docs/10-new-joiner-faq.md|docs/07-rate-card-and-surcharges.md|docs/01-sop-temperature-excursion.md|docs/12-rate-card-2026-h2.md,1
g020,what does the wiki page call the place a lorry waits when it misses its turn?,1.000000000,1,docs/08-driver-hours-and-safety-policy.md|docs/10-new-joiner-faq.md|docs/14-customer-notification-matrix-2025.md|docs/15-customer-notification-matrix-2026.md|docs/01-sop-temperature-excursion.md,docs/08-driver-hours-and-safety-policy.md|docs/10-new-joiner-faq.md|docs/14-customer-notification-matrix-2025.md|docs/15-customer-notification-matrix-2026.md|docs/01-sop-temperature-excursion.md,1
g021,how long above 8 degrees before it counts as a vaccine excursion,1.000000000,1,docs/01-sop-temperature-excursion.md|docs/15-customer-notification-matrix-2026.md|docs/03-postmortem-nagpur-vaccine-excursion.md|docs/07-rate-card-and-surcharges.md|docs/12-rate-card-2026-h2.md,docs/01-sop-temperature-excursion.md|docs/15-customer-notification-matrix-2026.md|docs/03-postmortem-nagpur-vaccine-excursion.md|docs/07-rate-card-and-surcharges.md|docs/12-rate-card-2026-h2.md,1
g022,fleet control extension,1.000000000,1,docs/08-driver-hours-and-safety-policy.md|docs/05-decision-telematics-vendor-2023.md|docs/14-customer-notification-matrix-2025.md|docs/15-customer-notification-matrix-2026.md|docs/13-dock-scheduling-rules-2026.md,docs/08-driver-hours-and-safety-policy.md|docs/05-decision-telematics-vendor-2023.md|docs/14-customer-notification-matrix-2025.md|docs/15-customer-notification-matrix-2026.md|docs/13-dock-scheduling-rules-2026.md,1
g023,what is the dockwise link that works outside the vpn?,1.000000000,1,docs/10-new-joiner-faq.md|docs/13-dock-scheduling-rules-2026.md|docs/01-sop-temperature-excursion.md|docs/07-rate-card-and-surcharges.md|docs/08-driver-hours-and-safety-policy.md,docs/10-new-joiner-faq.md|docs/13-dock-scheduling-rules-2026.md|docs/01-sop-temperature-excursion.md|docs/07-rate-card-and-surcharges.md|docs/08-driver-hours-and-safety-policy.md,1
g024,what does C2 mean,1.000000000,1,docs/10-new-joiner-faq.md|docs/14-customer-notification-matrix-2025.md|docs/15-customer-notification-matrix-2026.md|docs/01-sop-temperature-excursion.md|docs/07-rate-card-and-surcharges.md,docs/10-new-joiner-faq.md|docs/14-customer-notification-matrix-2025.md|docs/15-customer-notification-matrix-2026.md|docs/01-sop-temperature-excursion.md|docs/07-rate-card-and-surcharges.md,1
g025,how often do the sensors sample,1.000000000,1,docs/11-decision-telematics-vendor-2026.md|docs/01-sop-temperature-excursion.md|docs/15-customer-notification-matrix-2026.md|docs/14-customer-notification-matrix-2025.md|docs/08-driver-hours-and-safety-policy.md,docs/11-decision-telematics-vendor-2026.md|docs/01-sop-temperature-excursion.md|docs/15-customer-notification-matrix-2026.md|docs/14-customer-notification-matrix-2025.md|docs/08-driver-hours-and-safety-policy.md,1
g026,how long does the tessaline engagement run,1.000000000,1,docs/15-customer-notification-matrix-2026.md|docs/11-decision-telematics-vendor-2026.md|docs/14-customer-notification-matrix-2025.md|docs/13-dock-scheduling-rules-2026.md|docs/05-decision-telematics-vendor-2023.md,docs/15-customer-notification-matrix-2026.md|docs/11-decision-telematics-vendor-2026.md|docs/14-customer-notification-matrix-2025.md|docs/13-dock-scheduling-rules-2026.md|docs/05-decision-telematics-vendor-2023.md,1
g027,which vendor did the 2026 pune audit recommend for curtain replacement?,1.000000000,1,docs/12-rate-card-2026-h2.md|docs/07-rate-card-and-surcharges.md|docs/01-sop-temperature-excursion.md|docs/11-decision-telematics-vendor-2026.md|docs/15-customer-notification-matrix-2026.md,docs/12-rate-card-2026-h2.md|docs/07-rate-card-and-surcharges.md|docs/01-sop-temperature-excursion.md|docs/11-decision-telematics-vendor-2026.md|docs/15-customer-notification-matrix-2026.md,1
g028,how much does tessaline charge for one warehouse probe?,1.000000000,1,docs/12-rate-card-2026-h2.md|docs/01-sop-temperature-excursion.md|docs/07-rate-card-and-surcharges.md|docs/05-decision-telematics-vendor-2023.md|docs/11-decision-telematics-vendor-2026.md,docs/12-rate-card-2026-h2.md|docs/01-sop-temperature-excursion.md|docs/07-rate-card-and-surcharges.md|docs/05-decision-telematics-vendor-2023.md|docs/11-decision-telematics-vendor-2026.md,1
g029,karim drove over his hours twice. which rules did that touch?,1.000000000,1,docs/08-driver-hours-and-safety-policy.md|docs/13-dock-scheduling-rules-2026.md|docs/07-rate-card-and-surcharges.md|docs/15-customer-notification-matrix-2026.md|docs/12-rate-card-2026-h2.md,docs/08-driver-hours-and-safety-policy.md|docs/13-dock-scheduling-rules-2026.md|docs/07-rate-card-and-surcharges.md|docs/15-customer-notification-matrix-2026.md|docs/12-rate-card-2026-h2.md,1
g030,guwahati rain cover — who gets told and does the customer pay for it?,1.000000000,1,docs/12-rate-card-2026-h2.md|docs/07-rate-card-and-surcharges.md|docs/13-dock-scheduling-rules-2026.md|docs/14-customer-notification-matrix-2025.md|docs/08-driver-hours-and-safety-policy.md,docs/12-rate-card-2026-h2.md|docs/07-rate-card-and-surcharges.md|docs/13-dock-scheduling-rules-2026.md|docs/14-customer-notification-matrix-2025.md|docs/08-driver-hours-and-safety-policy.md,1
g031,"if two write-ups disagree about what the temperature was, which one wins?",1.000000000,1,docs/15-customer-notification-matrix-2026.md|docs/14-customer-notification-matrix-2025.md|docs/01-sop-temperature-excursion.md|docs/13-dock-scheduling-rules-2026.md|docs/10-new-joiner-faq.md,docs/15-customer-notification-matrix-2026.md|docs/14-customer-notification-matrix-2025.md|docs/01-sop-temperature-excursion.md|docs/13-dock-scheduling-rules-2026.md|docs/10-new-joiner-faq.md,1
g032,how long may somebody stay behind the wheel in one stretch?,1.000000000,1,docs/08-driver-hours-and-safety-policy.md|docs/15-customer-notification-matrix-2026.md|docs/13-dock-scheduling-rules-2026.md|docs/07-rate-card-and-surcharges.md|docs/14-customer-notification-matrix-2025.md,docs/08-driver-hours-and-safety-policy.md|docs/15-customer-notification-matrix-2026.md|docs/13-dock-scheduling-rules-2026.md|docs/07-rate-card-and-surcharges.md|docs/14-customer-notification-matrix-2025.md,1
g033,which room is vaccine stock in at nagpur and which bay does it go to when held?,1.000000000,1,docs/07-rate-card-and-surcharges.md|docs/01-sop-temperature-excursion.md|docs/12-rate-card-2026-h2.md|docs/03-postmortem-nagpur-vaccine-excursion.md|docs/15-customer-notification-matrix-2026.md,docs/07-rate-card-and-surcharges.md|docs/01-sop-temperature-excursion.md|docs/12-rate-card-2026-h2.md|docs/03-postmortem-nagpur-vaccine-excursion.md|docs/15-customer-notification-matrix-2026.md,1
g034,which mailbox should an urgent pharma alarm go to?,1.000000000,1,docs/01-sop-temperature-excursion.md|docs/15-customer-notification-matrix-2026.md|docs/14-customer-notification-matrix-2025.md|docs/10-new-joiner-faq.md|docs/13-dock-scheduling-rules-2026.md,docs/01-sop-temperature-excursion.md|docs/15-customer-notification-matrix-2026.md|docs/14-customer-notification-matrix-2025.md|docs/10-new-joiner-faq.md|docs/13-dock-scheduling-rules-2026.md,1
g035,a dairy truck waited two hours past its slot. what do we bill and what was free?,1.000000000,1,docs/15-customer-notification-matrix-2026.md|docs/07-rate-card-and-surcharges.md|docs/14-customer-notification-matrix-2025.md|docs/12-rate-card-2026-h2.md|docs/13-dock-scheduling-rules-2026.md,docs/15-customer-notification-matrix-2026.md|docs/07-rate-card-and-surcharges.md|docs/14-customer-notification-matrix-2025.md|docs/12-rate-card-2026-h2.md|docs/13-dock-scheduling-rules-2026.md,1
g036,what is the continuous driving limit and break length now?,1.000000000,1,docs/08-driver-hours-and-safety-policy.md|docs/13-dock-scheduling-rules-2026.md|docs/07-rate-card-and-surcharges.md|docs/01-sop-temperature-excursion.md|docs/15-customer-notification-matrix-2026.md,docs/08-driver-hours-and-safety-policy.md|docs/13-dock-scheduling-rules-2026.md|docs/07-rate-card-and-surcharges.md|docs/01-sop-temperature-excursion.md|docs/15-customer-notification-matrix-2026.md,1
g037,how much of the tessaline export was missing for RF-221,1.000000000,1,docs/15-customer-notification-matrix-2026.md|docs/01-sop-temperature-excursion.md|docs/11-decision-telematics-vendor-2026.md|docs/05-decision-telematics-vendor-2023.md|docs/08-driver-hours-and-safety-policy.md,docs/15-customer-notification-matrix-2026.md|docs/01-sop-temperature-excursion.md|docs/11-decision-telematics-vendor-2026.md|docs/05-decision-telematics-vendor-2023.md|docs/08-driver-hours-and-safety-policy.md,1
g038,what do we charge now for putting solid CO2 into a box?,1.000000000,1,docs/12-rate-card-2026-h2.md|docs/07-rate-card-and-surcharges.md|docs/15-customer-notification-matrix-2026.md|docs/05-decision-telematics-vendor-2023.md|docs/14-customer-notification-matrix-2025.md,docs/12-rate-card-2026-h2.md|docs/07-rate-card-and-surcharges.md|docs/15-customer-notification-matrix-2026.md|docs/05-decision-telematics-vendor-2023.md|docs/14-customer-notification-matrix-2025.md,1
g039,"under the old 2019 policy, how many hours could a driver actually drive?",1.000000000,1,docs/08-driver-hours-and-safety-policy.md|docs/07-rate-card-and-surcharges.md|docs/13-dock-scheduling-rules-2026.md|docs/15-customer-notification-matrix-2026.md|docs/12-rate-card-2026-h2.md,docs/08-driver-hours-and-safety-policy.md|docs/07-rate-card-and-surcharges.md|docs/13-dock-scheduling-rules-2026.md|docs/15-customer-notification-matrix-2026.md|docs/12-rate-card-2026-h2.md,1
g040,when may somebody back a vehicle up in the yard late at night?,1.000000000,1,docs/08-driver-hours-and-safety-policy.md|docs/14-customer-notification-matrix-2025.md|docs/15-customer-notification-matrix-2026.md|docs/10-new-joiner-faq.md|docs/01-sop-temperature-excursion.md,docs/08-driver-hours-and-safety-policy.md|docs/14-customer-notification-matrix-2025.md|docs/15-customer-notification-matrix-2026.md|docs/10-new-joiner-faq.md|docs/01-sop-temperature-excursion.md,1
g041,insulin high excursion duration?,1.000000000,1,docs/01-sop-temperature-excursion.md|docs/15-customer-notification-matrix-2026.md|docs/07-rate-card-and-surcharges.md|docs/12-rate-card-2026-h2.md|docs/13-dock-scheduling-rules-2026.md,docs/01-sop-temperature-excursion.md|docs/15-customer-notification-matrix-2026.md|docs/07-rate-card-and-surcharges.md|docs/12-rate-card-2026-h2.md|docs/13-dock-scheduling-rules-2026.md,1
g042,monthly charge per fixed sensor now,1.000000000,1,docs/11-decision-telematics-vendor-2026.md|docs/12-rate-card-2026-h2.md|docs/07-rate-card-and-surcharges.md|docs/05-decision-telematics-vendor-2023.md|docs/15-customer-notification-matrix-2026.md,docs/11-decision-telematics-vendor-2026.md|docs/12-rate-card-2026-h2.md|docs/07-rate-card-and-surcharges.md|docs/05-decision-telematics-vendor-2023.md|docs/15-customer-notification-matrix-2026.md,1
g043,is a cold-chain crisis on its own enough to let somebody stay on the road longer?,1.000000000,1,docs/08-driver-hours-and-safety-policy.md|docs/13-dock-scheduling-rules-2026.md|docs/01-sop-temperature-excursion.md|docs/14-customer-notification-matrix-2025.md|docs/15-customer-notification-matrix-2026.md,docs/08-driver-hours-and-safety-policy.md|docs/13-dock-scheduling-rules-2026.md|docs/01-sop-temperature-excursion.md|docs/14-customer-notification-matrix-2025.md|docs/15-customer-notification-matrix-2026.md,1
g044,what notification window did the 2025 matrix set for patient critical stock?,1.000000000,1,docs/14-customer-notification-matrix-2025.md|docs/15-customer-notification-matrix-2026.md|docs/01-sop-temperature-excursion.md|docs/07-rate-card-and-surcharges.md|docs/05-decision-telematics-vendor-2023.md,docs/14-customer-notification-matrix-2025.md|docs/15-customer-notification-matrix-2026.md|docs/01-sop-temperature-excursion.md|docs/07-rate-card-and-surcharges.md|docs/05-decision-telematics-vendor-2023.md,1
g045,an auditor wants the kalpa-era commercial figures. where are they?,1.000000000,1,docs/05-decision-telematics-vendor-2023.md|docs/11-decision-telematics-vendor-2026.md|docs/08-driver-hours-and-safety-policy.md|docs/15-customer-notification-matrix-2026.md|docs/10-new-joiner-faq.md,docs/05-decision-telematics-vendor-2023.md|docs/11-decision-telematics-vendor-2026.md|docs/08-driver-hours-and-safety-policy.md|docs/15-customer-notification-matrix-2026.md|docs/10-new-joiner-faq.md,1
g046,how often does the new kit send a reading?,1.000000000,1,docs/15-customer-notification-matrix-2026.md|docs/14-customer-notification-matrix-2025.md|docs/13-dock-scheduling-rules-2026.md|docs/01-sop-temperature-excursion.md|docs/11-decision-telematics-vendor-2026.md,docs/15-customer-notification-matrix-2026.md|docs/14-customer-notification-matrix-2025.md|docs/13-dock-scheduling-rules-2026.md|docs/01-sop-temperature-excursion.md|docs/11-decision-telematics-vendor-2026.md,1
g047,when was coimbatore supposed to cut over,1.000000000,1,docs/13-dock-scheduling-rules-2026.md|docs/01-sop-temperature-excursion.md|docs/15-customer-notification-matrix-2026.md|docs/12-rate-card-2026-h2.md|docs/07-rate-card-and-surcharges.md,docs/13-dock-scheduling-rules-2026.md|docs/01-sop-temperature-excursion.md|docs/15-customer-notification-matrix-2026.md|docs/12-rate-card-2026-h2.md|docs/07-rate-card-and-surcharges.md,1
g048,does dozing in the cab while queueing count as proper time off?,1.000000000,1,docs/08-driver-hours-and-safety-policy.md|docs/13-dock-scheduling-rules-2026.md|docs/07-rate-card-and-surcharges.md|docs/15-customer-notification-matrix-2026.md|docs/01-sop-temperature-excursion.md,docs/08-driver-hours-and-safety-policy.md|docs/13-dock-scheduling-rules-2026.md|docs/07-rate-card-and-surcharges.md|docs/15-customer-notification-matrix-2026.md|docs/01-sop-temperature-excursion.md,1
g049,night extension number for nagpur,1.000000000,1,docs/12-rate-card-2026-h2.md|docs/07-rate-card-and-surcharges.md|docs/10-new-joiner-faq.md|docs/01-sop-temperature-excursion.md|docs/08-driver-hours-and-safety-policy.md,docs/12-rate-card-2026-h2.md|docs/07-rate-card-and-surcharges.md|docs/10-new-joiner-faq.md|docs/01-sop-temperature-excursion.md|docs/08-driver-hours-and-safety-policy.md,1
g050,how quickly does a vaccine customer have to hear from us?,1.000000000,1,docs/15-customer-notification-matrix-2026.md|docs/14-customer-notification-matrix-2025.md|docs/01-sop-temperature-excursion.md|docs/13-dock-scheduling-rules-2026.md|docs/12-rate-card-2026-h2.md,docs/15-customer-notification-matrix-2026.md|docs/14-customer-notification-matrix-2025.md|docs/01-sop-temperature-excursion.md|docs/13-dock-scheduling-rules-2026.md|docs/12-rate-card-2026-h2.md,1
g051,what is NOT accepted as evidence that a corrective action is finished?,1.000000000,1,docs/01-sop-temperature-excursion.md|docs/15-customer-notification-matrix-2026.md|docs/14-customer-notification-matrix-2025.md|docs/13-dock-scheduling-rules-2026.md|docs/08-driver-hours-and-safety-policy.md,docs/01-sop-temperature-excursion.md|docs/15-customer-notification-matrix-2026.md|docs/14-customer-notification-matrix-2025.md|docs/13-dock-scheduling-rules-2026.md|docs/08-driver-hours-and-safety-policy.md,1
g052,minimum rest between two duty days,1.000000000,1,docs/08-driver-hours-and-safety-policy.md|docs/15-customer-notification-matrix-2026.md|docs/07-rate-card-and-surcharges.md|docs/14-customer-notification-matrix-2025.md|docs/01-sop-temperature-excursion.md,docs/08-driver-hours-and-safety-policy.md|docs/15-customer-notification-matrix-2026.md|docs/07-rate-card-and-surcharges.md|docs/14-customer-notification-matrix-2025.md|docs/01-sop-temperature-excursion.md,1
g053,which late bookings are NOT cancelled automatically?,1.000000000,1,docs/14-customer-notification-matrix-2025.md|docs/15-customer-notification-matrix-2026.md|docs/13-dock-scheduling-rules-2026.md|docs/08-driver-hours-and-safety-policy.md|docs/10-new-joiner-faq.md,docs/14-customer-notification-matrix-2025.md|docs/15-customer-notification-matrix-2026.md|docs/13-dock-scheduling-rules-2026.md|docs/08-driver-hours-and-safety-policy.md|docs/10-new-joiner-faq.md,1
g054,who is allowed to change the alarm numbers in the tracking software?,1.000000000,1,docs/01-sop-temperature-excursion.md|docs/10-new-joiner-faq.md|docs/08-driver-hours-and-safety-policy.md|docs/15-customer-notification-matrix-2026.md|docs/14-customer-notification-matrix-2025.md,docs/01-sop-temperature-excursion.md|docs/10-new-joiner-faq.md|docs/08-driver-hours-and-safety-policy.md|docs/15-customer-notification-matrix-2026.md|docs/14-customer-notification-matrix-2025.md,1
g055,pharma dock grace — what did the night team have in feb 2026 and what would they have now?,1.000000000,1,docs/13-dock-scheduling-rules-2026.md|docs/15-customer-notification-matrix-2026.md|docs/01-sop-temperature-excursion.md|docs/07-rate-card-and-surcharges.md|docs/11-decision-telematics-vendor-2026.md,docs/13-dock-scheduling-rules-2026.md|docs/15-customer-notification-matrix-2026.md|docs/01-sop-temperature-excursion.md|docs/07-rate-card-and-surcharges.md|docs/11-decision-telematics-vendor-2026.md,1
g056,"what may the first note to the client say, and what may it not promise?",1.000000000,1,docs/15-customer-notification-matrix-2026.md|docs/14-customer-notification-matrix-2025.md|docs/07-rate-card-and-surcharges.md|docs/01-sop-temperature-excursion.md|docs/08-driver-hours-and-safety-policy.md,docs/15-customer-notification-matrix-2026.md|docs/14-customer-notification-matrix-2025.md|docs/07-rate-card-and-surcharges.md|docs/01-sop-temperature-excursion.md|docs/08-driver-hours-and-safety-policy.md,1
g057,what is the approved export file called,1.000000000,1,docs/11-decision-telematics-vendor-2026.md|docs/08-driver-hours-and-safety-policy.md|docs/01-sop-temperature-excursion.md|docs/07-rate-card-and-surcharges.md|docs/12-rate-card-2026-h2.md,docs/11-decision-telematics-vendor-2026.md|docs/08-driver-hours-and-safety-policy.md|docs/01-sop-temperature-excursion.md|docs/07-rate-card-and-surcharges.md|docs/12-rate-card-2026-h2.md,1
g058,the tracking box starts beeping while the vehicle is moving. what is the person at the wheel supposed to do?,1.000000000,1,docs/08-driver-hours-and-safety-policy.md|docs/14-customer-notification-matrix-2025.md|docs/15-customer-notification-matrix-2026.md|docs/01-sop-temperature-excursion.md|docs/10-new-joiner-faq.md,docs/08-driver-hours-and-safety-policy.md|docs/14-customer-notification-matrix-2025.md|docs/15-customer-notification-matrix-2026.md|docs/01-sop-temperature-excursion.md|docs/10-new-joiner-faq.md,1
g059,how many vials were in lot ROTA-9A on its own?,1.000000000,1,docs/15-customer-notification-matrix-2026.md|docs/03-postmortem-nagpur-vaccine-excursion.md|docs/08-driver-hours-and-safety-policy.md|docs/07-rate-card-and-surcharges.md|docs/01-sop-temperature-excursion.md,docs/15-customer-notification-matrix-2026.md|docs/03-postmortem-nagpur-vaccine-excursion.md|docs/08-driver-hours-and-safety-policy.md|docs/07-rate-card-and-surcharges.md|docs/01-sop-temperature-excursion.md,1
g060,what rest applies to a driver on a two week international run?,1.000000000,1,docs/08-driver-hours-and-safety-policy.md|docs/13-dock-scheduling-rules-2026.md|docs/14-customer-notification-matrix-2025.md|docs/15-customer-notification-matrix-2026.md|docs/07-rate-card-and-surcharges.md,docs/08-driver-hours-and-safety-policy.md|docs/13-dock-scheduling-rules-2026.md|docs/14-customer-notification-matrix-2025.md|docs/15-customer-notification-matrix-2026.md|docs/07-rate-card-and-surcharges.md,1
g061,what are the four dispositions,1.000000000,1,docs/14-customer-notification-matrix-2025.md|docs/15-customer-notification-matrix-2026.md|docs/01-sop-temperature-excursion.md|docs/07-rate-card-and-surcharges.md|docs/13-dock-scheduling-rules-2026.md,docs/14-customer-notification-matrix-2025.md|docs/15-customer-notification-matrix-2026.md|docs/01-sop-temperature-excursion.md|docs/07-rate-card-and-surcharges.md|docs/13-dock-scheduling-rules-2026.md,1
g062,a trip from july 2025 is being audited. whose temperature record counts?,1.000000000,1,docs/01-sop-temperature-excursion.md|docs/08-driver-hours-and-safety-policy.md|docs/15-customer-notification-matrix-2026.md|docs/07-rate-card-and-surcharges.md|docs/11-decision-telematics-vendor-2026.md,docs/01-sop-temperature-excursion.md|docs/08-driver-hours-and-safety-policy.md|docs/15-customer-notification-matrix-2026.md|docs/07-rate-card-and-surcharges.md|docs/11-decision-telematics-vendor-2026.md,1
g063,who do i call at night in nagpur and who is the escalation group for patient critical stock?,1.000000000,1,docs/01-sop-temperature-excursion.md|docs/07-rate-card-and-surcharges.md|docs/12-rate-card-2026-h2.md|docs/10-new-joiner-faq.md|docs/15-customer-notification-matrix-2026.md,docs/01-sop-temperature-excursion.md|docs/07-rate-card-and-surcharges.md|docs/12-rate-card-2026-h2.md|docs/10-new-joiner-faq.md|docs/15-customer-notification-matrix-2026.md,1
g064,a lorry carrying chilled milk turns up very late. what happens to its booking?,1.000000000,1,docs/15-customer-notification-matrix-2026.md|docs/14-customer-notification-matrix-2025.md|docs/13-dock-scheduling-rules-2026.md|docs/01-sop-temperature-excursion.md|docs/07-rate-card-and-surcharges.md,docs/15-customer-notification-matrix-2026.md|docs/14-customer-notification-matrix-2025.md|docs/13-dock-scheduling-rules-2026.md|docs/01-sop-temperature-excursion.md|docs/07-rate-card-and-surcharges.md,1
g065,"which sensor ids cover the nagpur rooms, and who may change what they trigger on?",1.000000000,1,docs/10-new-joiner-faq.md|docs/01-sop-temperature-excursion.md|docs/07-rate-card-and-surcharges.md|docs/12-rate-card-2026-h2.md|docs/03-postmortem-nagpur-vaccine-excursion.md,docs/10-new-joiner-faq.md|docs/01-sop-temperature-excursion.md|docs/07-rate-card-and-surcharges.md|docs/12-rate-card-2026-h2.md|docs/03-postmortem-nagpur-vaccine-excursion.md,1
g066,where do damaged goods wait while somebody decides what happens to them?,1.000000000,1,docs/13-dock-scheduling-rules-2026.md|docs/15-customer-notification-matrix-2026.md|docs/01-sop-temperature-excursion.md|docs/14-customer-notification-matrix-2025.md|docs/07-rate-card-and-surcharges.md,docs/13-dock-scheduling-rules-2026.md|docs/15-customer-notification-matrix-2026.md|docs/01-sop-temperature-excursion.md|docs/14-customer-notification-matrix-2025.md|docs/07-rate-card-and-surcharges.md,1
g067,quarantine bay at guwahati,1.000000000,1,docs/13-dock-scheduling-rules-2026.md|docs/12-rate-card-2026-h2.md|docs/01-sop-temperature-excursion.md|docs/15-customer-notification-matrix-2026.md|docs/10-new-joiner-faq.md,docs/13-dock-scheduling-rules-2026.md|docs/12-rate-card-2026-h2.md|docs/01-sop-temperature-excursion.md|docs/15-customer-notification-matrix-2026.md|docs/10-new-joiner-faq.md,1
g068,how long can pharma pallets sit on an open dock,1.000000000,1,docs/15-customer-notification-matrix-2026.md|docs/01-sop-temperature-excursion.md|docs/13-dock-scheduling-rules-2026.md|docs/07-rate-card-and-surcharges.md|docs/08-driver-hours-and-safety-policy.md,docs/15-customer-notification-matrix-2026.md|docs/01-sop-temperature-excursion.md|docs/13-dock-scheduling-rules-2026.md|docs/07-rate-card-and-surcharges.md|docs/08-driver-hours-and-safety-policy.md,1
g069,add up what the tessaline move cost us one way or another,1.000000000,1,docs/12-rate-card-2026-h2.md|docs/07-rate-card-and-surcharges.md|docs/05-decision-telematics-vendor-2023.md|docs/14-customer-notification-matrix-2025.md|docs/15-customer-notification-matrix-2026.md,docs/12-rate-card-2026-h2.md|docs/07-rate-card-and-surcharges.md|docs/05-decision-telematics-vendor-2023.md|docs/14-customer-notification-matrix-2025.md|docs/15-customer-notification-matrix-2026.md,1
g070,"before the vendor switch, how often did the trackers report a reading",1.000000000,1,docs/15-customer-notification-matrix-2026.md|docs/01-sop-temperature-excursion.md|docs/08-driver-hours-and-safety-policy.md|docs/13-dock-scheduling-rules-2026.md|docs/14-customer-notification-matrix-2025.md,docs/15-customer-notification-matrix-2026.md|docs/01-sop-temperature-excursion.md|docs/08-driver-hours-and-safety-policy.md|docs/13-dock-scheduling-rules-2026.md|docs/14-customer-notification-matrix-2025.md,1
g071,how warm can milk crates get on a covered dock before QA has to be told?,1.000000000,1,docs/01-sop-temperature-excursion.md|docs/15-customer-notification-matrix-2026.md|docs/13-dock-scheduling-rules-2026.md|docs/14-customer-notification-matrix-2025.md|docs/12-rate-card-2026-h2.md,docs/01-sop-temperature-excursion.md|docs/15-customer-notification-matrix-2026.md|docs/13-dock-scheduling-rules-2026.md|docs/14-customer-notification-matrix-2025.md|docs/12-rate-card-2026-h2.md,1
g072,the old wiki page gave pharma arrivals how long?,1.000000000,1,docs/15-customer-notification-matrix-2026.md|docs/01-sop-temperature-excursion.md|docs/13-dock-scheduling-rules-2026.md|docs/08-driver-hours-and-safety-policy.md|docs/14-customer-notification-matrix-2025.md,docs/15-customer-notification-matrix-2026.md|docs/01-sop-temperature-excursion.md|docs/13-dock-scheduling-rules-2026.md|docs/08-driver-hours-and-safety-policy.md|docs/14-customer-notification-matrix-2025.md,1
g073,"what do we actually pay per truck per month, and what was the number that turned out to be wrong?",1.000000000,1,docs/07-rate-card-and-surcharges.md|docs/08-driver-hours-and-safety-policy.md|docs/12-rate-card-2026-h2.md|docs/11-decision-telematics-vendor-2026.md|docs/05-decision-telematics-vendor-2023.md,docs/07-rate-card-and-surcharges.md|docs/08-driver-hours-and-safety-policy.md|docs/12-rate-card-2026-h2.md|docs/11-decision-telematics-vendor-2026.md|docs/05-decision-telematics-vendor-2023.md,1
g074,what code does fleet control log an exception under,1.000000000,1,docs/08-driver-hours-and-safety-policy.md|docs/14-customer-notification-matrix-2025.md|docs/15-customer-notification-matrix-2026.md|docs/05-decision-telematics-vendor-2023.md|docs/01-sop-temperature-excursion.md,docs/08-driver-hours-and-safety-policy.md|docs/14-customer-notification-matrix-2025.md|docs/15-customer-notification-matrix-2026.md|docs/05-decision-telematics-vendor-2023.md|docs/01-sop-temperature-excursion.md,1
g075,what did it cost to get out of kalpa early,1.000000000,1,docs/05-decision-telematics-vendor-2023.md|docs/11-decision-telematics-vendor-2026.md|docs/12-rate-card-2026-h2.md|docs/15-customer-notification-matrix-2026.md|docs/07-rate-card-and-surcharges.md,docs/05-decision-telematics-vendor-2023.md|docs/11-decision-telematics-vendor-2026.md|docs/12-rate-card-2026-h2.md|docs/15-customer-notification-matrix-2026.md|docs/07-rate-card-and-surcharges.md,1
g076,RF-118's display was jumping about. did the night team handle it properly?,1.000000000,1,docs/01-sop-temperature-excursion.md|docs/08-driver-hours-and-safety-policy.md|docs/15-customer-notification-matrix-2026.md|docs/05-decision-telematics-vendor-2023.md|docs/03-postmortem-nagpur-vaccine-excursion.md,docs/01-sop-temperature-excursion.md|docs/08-driver-hours-and-safety-policy.md|docs/15-customer-notification-matrix-2026.md|docs/05-decision-telematics-vendor-2023.md|docs/03-postmortem-nagpur-vaccine-excursion.md,1
g077,what was the write off amount for the vaccine excursion,1.000000000,1,docs/01-sop-temperature-excursion.md|docs/15-customer-notification-matrix-2026.md|docs/07-rate-card-and-surcharges.md|docs/12-rate-card-2026-h2.md|docs/14-customer-notification-matrix-2025.md,docs/01-sop-temperature-excursion.md|docs/15-customer-notification-matrix-2026.md|docs/07-rate-card-and-surcharges.md|docs/12-rate-card-2026-h2.md|docs/14-customer-notification-matrix-2025.md,1
g078,what must nobody do to a probe just to make the display look normal?,1.000000000,1,docs/01-sop-temperature-excursion.md|docs/15-customer-notification-matrix-2026.md|docs/14-customer-notification-matrix-2025.md|docs/08-driver-hours-and-safety-policy.md|docs/13-dock-scheduling-rules-2026.md,docs/01-sop-temperature-excursion.md|docs/15-customer-notification-matrix-2026.md|docs/14-customer-notification-matrix-2025.md|docs/08-driver-hours-and-safety-policy.md|docs/13-dock-scheduling-rules-2026.md,1
g079,final PO number for the tessaline deal,1.000000000,1,docs/11-decision-telematics-vendor-2026.md|docs/15-customer-notification-matrix-2026.md|docs/14-customer-notification-matrix-2025.md|docs/12-rate-card-2026-h2.md|docs/05-decision-telematics-vendor-2023.md,docs/11-decision-telematics-vendor-2026.md|docs/15-customer-notification-matrix-2026.md|docs/14-customer-notification-matrix-2025.md|docs/12-rate-card-2026-h2.md|docs/05-decision-telematics-vendor-2023.md,1
g080,"back in the kalpa days, where did a cold room alarm actually land?",1.000000000,1,docs/01-sop-temperature-excursion.md|docs/03-postmortem-nagpur-vaccine-excursion.md|docs/05-decision-telematics-vendor-2023.md|docs/10-new-joiner-faq.md|docs/11-decision-telematics-vendor-2026.md,docs/01-sop-temperature-excursion.md|docs/03-postmortem-nagpur-vaccine-excursion.md|docs/05-decision-telematics-vendor-2023.md|docs/10-new-joiner-faq.md|docs/11-decision-telematics-vendor-2026.md,1
g081,what do i need to bring on my first day,1.000000000,1,docs/10-new-joiner-faq.md|docs/08-driver-hours-and-safety-policy.md|docs/15-customer-notification-matrix-2026.md|docs/14-customer-notification-matrix-2025.md|docs/01-sop-temperature-excursion.md,docs/10-new-joiner-faq.md|docs/08-driver-hours-and-safety-policy.md|docs/15-customer-notification-matrix-2026.md|docs/14-customer-notification-matrix-2025.md|docs/01-sop-temperature-excursion.md,1
g082,there is a trick in the handover log for staging alarms. is it allowed?,1.000000000,1,docs/01-sop-temperature-excursion.md|docs/08-driver-hours-and-safety-policy.md|docs/15-customer-notification-matrix-2026.md|docs/14-customer-notification-matrix-2025.md|docs/13-dock-scheduling-rules-2026.md,docs/01-sop-temperature-excursion.md|docs/08-driver-hours-and-safety-policy.md|docs/15-customer-notification-matrix-2026.md|docs/14-customer-notification-matrix-2025.md|docs/13-dock-scheduling-rules-2026.md,1
g083,an auditor is asking what the diesel surcharge rule was on the 2024 card. what was it?,1.000000000,1,docs/07-rate-card-and-surcharges.md|docs/12-rate-card-2026-h2.md|docs/15-customer-notification-matrix-2026.md|docs/08-driver-hours-and-safety-policy.md|docs/01-sop-temperature-excursion.md,docs/07-rate-card-and-surcharges.md|docs/12-rate-card-2026-h2.md|docs/15-customer-notification-matrix-2026.md|docs/08-driver-hours-and-safety-policy.md|docs/01-sop-temperature-excursion.md,1
g084,what makes frozen stock an excursion today?,1.000000000,1,docs/01-sop-temperature-excursion.md|docs/13-dock-scheduling-rules-2026.md|docs/15-customer-notification-matrix-2026.md|docs/07-rate-card-and-surcharges.md|docs/12-rate-card-2026-h2.md,docs/01-sop-temperature-excursion.md|docs/13-dock-scheduling-rules-2026.md|docs/15-customer-notification-matrix-2026.md|docs/07-rate-card-and-surcharges.md|docs/12-rate-card-2026-h2.md,1
g085,how many vials were destroyed in the nagpur incident,1.000000000,1,docs/01-sop-temperature-excursion.md|docs/07-rate-card-and-surcharges.md|docs/12-rate-card-2026-h2.md|docs/03-postmortem-nagpur-vaccine-excursion.md|docs/15-customer-notification-matrix-2026.md,docs/01-sop-temperature-excursion.md|docs/07-rate-card-and-surcharges.md|docs/12-rate-card-2026-h2.md|docs/03-postmortem-nagpur-vaccine-excursion.md|docs/15-customer-notification-matrix-2026.md,1
g086,night driving limit for one driver alone,1.000000000,1,docs/08-driver-hours-and-safety-policy.md|docs/13-dock-scheduling-rules-2026.md|docs/07-rate-card-and-surcharges.md|docs/10-new-joiner-faq.md|docs/12-rate-card-2026-h2.md,docs/08-driver-hours-and-safety-policy.md|docs/13-dock-scheduling-rules-2026.md|docs/07-rate-card-and-surcharges.md|docs/10-new-joiner-faq.md|docs/12-rate-card-2026-h2.md,1
g087,which lots were in the affected rotavirus consignment,1.000000000,1,docs/15-customer-notification-matrix-2026.md|docs/03-postmortem-nagpur-vaccine-excursion.md|docs/01-sop-temperature-excursion.md|docs/13-dock-scheduling-rules-2026.md|docs/12-rate-card-2026-h2.md,docs/15-customer-notification-matrix-2026.md|docs/03-postmortem-nagpur-vaccine-excursion.md|docs/01-sop-temperature-excursion.md|docs/13-dock-scheduling-rules-2026.md|docs/12-rate-card-2026-h2.md,1
g088,what grace period did the 2021 dock page give?,1.000000000,1,docs/13-dock-scheduling-rules-2026.md|docs/15-customer-notification-matrix-2026.md|docs/07-rate-card-and-surcharges.md|docs/12-rate-card-2026-h2.md|docs/01-sop-temperature-excursion.md,docs/13-dock-scheduling-rules-2026.md|docs/15-customer-notification-matrix-2026.md|docs/07-rate-card-and-surcharges.md|docs/12-rate-card-2026-h2.md|docs/01-sop-temperature-excursion.md,1
g089,who puts their signature on the letter that goes to the client when medicine stock is affected?,1.000000000,1,docs/15-customer-notification-matrix-2026.md|docs/01-sop-temperature-excursion.md|docs/14-customer-notification-matrix-2025.md|docs/08-driver-hours-and-safety-policy.md|docs/13-dock-scheduling-rules-2026.md,docs/15-customer-notification-matrix-2026.md|docs/01-sop-temperature-excursion.md|docs/14-customer-notification-matrix-2025.md|docs/08-driver-hours-and-safety-policy.md|docs/13-dock-scheduling-rules-2026.md,1
g090,how many people work at the guwahati DC?,1.000000000,1,docs/13-dock-scheduling-rules-2026.md|docs/12-rate-card-2026-h2.md|docs/01-sop-temperature-excursion.md|docs/07-rate-card-and-surcharges.md|docs/08-driver-hours-and-safety-policy.md,docs/13-dock-scheduling-rules-2026.md|docs/12-rate-card-2026-h2.md|docs/01-sop-temperature-excursion.md|docs/07-rate-card-and-surcharges.md|docs/08-driver-hours-and-safety-policy.md,1
g091,tessaline sensor id for the C2 room,1.000000000,1,docs/01-sop-temperature-excursion.md|docs/11-decision-telematics-vendor-2026.md|docs/15-customer-notification-matrix-2026.md|docs/08-driver-hours-and-safety-policy.md|docs/14-customer-notification-matrix-2025.md,docs/01-sop-temperature-excursion.md|docs/11-decision-telematics-vendor-2026.md|docs/15-customer-notification-matrix-2026.md|docs/08-driver-hours-and-safety-policy.md|docs/14-customer-notification-matrix-2025.md,1
g092,which SOP change came out of the march 2025 nagpur incident?,1.000000000,1,docs/01-sop-temperature-excursion.md|docs/12-rate-card-2026-h2.md|docs/07-rate-card-and-surcharges.md|docs/03-postmortem-nagpur-vaccine-excursion.md|docs/11-decision-telematics-vendor-2026.md,docs/01-sop-temperature-excursion.md|docs/12-rate-card-2026-h2.md|docs/07-rate-card-and-surcharges.md|docs/03-postmortem-nagpur-vaccine-excursion.md|docs/11-decision-telematics-vendor-2026.md,1
g093,how are guwahati slots booked these days?,1.000000000,1,docs/13-dock-scheduling-rules-2026.md|docs/10-new-joiner-faq.md|docs/12-rate-card-2026-h2.md|docs/01-sop-temperature-excursion.md|docs/07-rate-card-and-surcharges.md,docs/13-dock-scheduling-rules-2026.md|docs/10-new-joiner-faq.md|docs/12-rate-card-2026-h2.md|docs/01-sop-temperature-excursion.md|docs/07-rate-card-and-surcharges.md,1
g094,what is supposed to be inside the red sleeve,1.000000000,1,docs/10-new-joiner-faq.md|docs/01-sop-temperature-excursion.md|docs/13-dock-scheduling-rules-2026.md|docs/15-customer-notification-matrix-2026.md|docs/12-rate-card-2026-h2.md,docs/10-new-joiner-faq.md|docs/01-sop-temperature-excursion.md|docs/13-dock-scheduling-rules-2026.md|docs/15-customer-notification-matrix-2026.md|docs/12-rate-card-2026-h2.md,1
g095,milk on a covered dock — is the 7 degree 45 minute rule still usable?,1.000000000,1,docs/01-sop-temperature-excursion.md|docs/15-customer-notification-matrix-2026.md|docs/13-dock-scheduling-rules-2026.md|docs/07-rate-card-and-surcharges.md|docs/14-customer-notification-matrix-2025.md,docs/01-sop-temperature-excursion.md|docs/15-customer-notification-matrix-2026.md|docs/13-dock-scheduling-rules-2026.md|docs/07-rate-card-and-surcharges.md|docs/14-customer-notification-matrix-2025.md,1
g096,did the two-person night watch on C2 ever actually happen?,1.000000000,1,docs/03-postmortem-nagpur-vaccine-excursion.md|docs/11-decision-telematics-vendor-2026.md|docs/01-sop-temperature-excursion.md|docs/08-driver-hours-and-safety-policy.md|docs/15-customer-notification-matrix-2026.md,docs/03-postmortem-nagpur-vaccine-excursion.md|docs/11-decision-telematics-vendor-2026.md|docs/01-sop-temperature-excursion.md|docs/08-driver-hours-and-safety-policy.md|docs/15-customer-notification-matrix-2026.md,1
g097,a quote is going out in august 2026. which rate card applies?,1.000000000,1,docs/12-rate-card-2026-h2.md|docs/07-rate-card-and-surcharges.md|docs/15-customer-notification-matrix-2026.md|docs/14-customer-notification-matrix-2025.md|docs/05-decision-telematics-vendor-2023.md,docs/12-rate-card-2026-h2.md|docs/07-rate-card-and-surcharges.md|docs/15-customer-notification-matrix-2026.md|docs/14-customer-notification-matrix-2025.md|docs/05-decision-telematics-vendor-2023.md,1
g098,how many people have to watch when medicine stock is written off?,1.000000000,1,docs/15-customer-notification-matrix-2026.md|docs/01-sop-temperature-excursion.md|docs/13-dock-scheduling-rules-2026.md|docs/03-postmortem-nagpur-vaccine-excursion.md|docs/07-rate-card-and-surcharges.md,docs/15-customer-notification-matrix-2026.md|docs/01-sop-temperature-excursion.md|docs/13-dock-scheduling-rules-2026.md|docs/03-postmortem-nagpur-vaccine-excursion.md|docs/07-rate-card-and-surcharges.md,1
g099,which form does QA open the investigation in,1.000000000,1,docs/01-sop-temperature-excursion.md|docs/15-customer-notification-matrix-2026.md|docs/14-customer-notification-matrix-2025.md|docs/08-driver-hours-and-safety-policy.md|docs/07-rate-card-and-surcharges.md,docs/01-sop-temperature-excursion.md|docs/15-customer-notification-matrix-2026.md|docs/14-customer-notification-matrix-2025.md|docs/08-driver-hours-and-safety-policy.md|docs/07-rate-card-and-surcharges.md,1
g100,"how fast must a vaccine customer be told, and which document sets that today?",1.000000000,1,docs/15-customer-notification-matrix-2026.md|docs/14-customer-notification-matrix-2025.md|docs/01-sop-temperature-excursion.md|docs/13-dock-scheduling-rules-2026.md|docs/08-driver-hours-and-safety-policy.md,docs/15-customer-notification-matrix-2026.md|docs/14-customer-notification-matrix-2025.md|docs/01-sop-temperature-excursion.md|docs/13-dock-scheduling-rules-2026.md|docs/08-driver-hours-and-safety-policy.md,1
g101,who do i escalate to at each of the three DCs?,1.000000000,1,docs/15-customer-notification-matrix-2026.md|docs/14-customer-notification-matrix-2025.md|docs/01-sop-temperature-excursion.md|docs/13-dock-scheduling-rules-2026.md|docs/08-driver-hours-and-safety-policy.md,docs/15-customer-notification-matrix-2026.md|docs/14-customer-notification-matrix-2025.md|docs/01-sop-temperature-excursion.md|docs/13-dock-scheduling-rules-2026.md|docs/08-driver-hours-and-safety-policy.md,1
g102,which amount must NOT be set off against the monthly telematics charges?,1.000000000,1,docs/12-rate-card-2026-h2.md|docs/07-rate-card-and-surcharges.md|docs/14-customer-notification-matrix-2025.md|docs/15-customer-notification-matrix-2026.md|docs/08-driver-hours-and-safety-policy.md,docs/12-rate-card-2026-h2.md|docs/07-rate-card-and-surcharges.md|docs/14-customer-notification-matrix-2025.md|docs/15-customer-notification-matrix-2026.md|docs/08-driver-hours-and-safety-policy.md,1
g103,paneer is at 5.5 C — excursion or not?,1.000000000,1,docs/01-sop-temperature-excursion.md|docs/12-rate-card-2026-h2.md|docs/07-rate-card-and-surcharges.md|docs/13-dock-scheduling-rules-2026.md|docs/15-customer-notification-matrix-2026.md,docs/01-sop-temperature-excursion.md|docs/12-rate-card-2026-h2.md|docs/07-rate-card-and-surcharges.md|docs/13-dock-scheduling-rules-2026.md|docs/15-customer-notification-matrix-2026.md,1
g104,how many pallets does the coimbatore quarantine bay hold?,1.000000000,1,docs/13-dock-scheduling-rules-2026.md|docs/07-rate-card-and-surcharges.md|docs/12-rate-card-2026-h2.md|docs/01-sop-temperature-excursion.md|docs/05-decision-telematics-vendor-2023.md,docs/13-dock-scheduling-rules-2026.md|docs/07-rate-card-and-surcharges.md|docs/12-rate-card-2026-h2.md|docs/01-sop-temperature-excursion.md|docs/05-decision-telematics-vendor-2023.md,1
g105,the qa-shared mailbox keeps coming up. who says use it and who says do not?,1.000000000,1,docs/07-rate-card-and-surcharges.md|docs/01-sop-temperature-excursion.md|docs/14-customer-notification-matrix-2025.md|docs/15-customer-notification-matrix-2026.md|docs/05-decision-telematics-vendor-2023.md,docs/07-rate-card-and-surcharges.md|docs/01-sop-temperature-excursion.md|docs/14-customer-notification-matrix-2025.md|docs/15-customer-notification-matrix-2026.md|docs/05-decision-telematics-vendor-2023.md,1
g106,nobody picked up the phone at the client's end. what now?,1.000000000,1,docs/15-customer-notification-matrix-2026.md|docs/14-customer-notification-matrix-2025.md|docs/01-sop-temperature-excursion.md|docs/13-dock-scheduling-rules-2026.md|docs/11-decision-telematics-vendor-2026.md,docs/15-customer-notification-matrix-2026.md|docs/14-customer-notification-matrix-2025.md|docs/01-sop-temperature-excursion.md|docs/13-dock-scheduling-rules-2026.md|docs/11-decision-telematics-vendor-2026.md,1
g107,the SOP and the sensor file disagree on the vaccine high limit. which is right?,1.000000000,1,docs/01-sop-temperature-excursion.md|docs/15-customer-notification-matrix-2026.md|docs/07-rate-card-and-surcharges.md|docs/03-postmortem-nagpur-vaccine-excursion.md|docs/12-rate-card-2026-h2.md,docs/01-sop-temperature-excursion.md|docs/15-customer-notification-matrix-2026.md|docs/07-rate-card-and-surcharges.md|docs/03-postmortem-nagpur-vaccine-excursion.md|docs/12-rate-card-2026-h2.md,1
g108,what is the salary band for a night shift lead?,1.000000000,1,docs/01-sop-temperature-excursion.md|docs/10-new-joiner-faq.md|docs/08-driver-hours-and-safety-policy.md|docs/07-rate-card-and-surcharges.md|docs/12-rate-card-2026-h2.md,docs/01-sop-temperature-excursion.md|docs/10-new-joiner-faq.md|docs/08-driver-hours-and-safety-policy.md|docs/07-rate-card-and-surcharges.md|docs/12-rate-card-2026-h2.md,1
g109,"what did the 2023 vendor decision conclude, and on what numbers?",1.000000000,1,docs/11-decision-telematics-vendor-2026.md|docs/05-decision-telematics-vendor-2023.md|docs/15-customer-notification-matrix-2026.md|docs/07-rate-card-and-surcharges.md|docs/12-rate-card-2026-h2.md,docs/11-decision-telematics-vendor-2026.md|docs/05-decision-telematics-vendor-2023.md|docs/15-customer-notification-matrix-2026.md|docs/07-rate-card-and-surcharges.md|docs/12-rate-card-2026-h2.md,1
g110,how long can they drive before a break is due,1.000000000,1,docs/08-driver-hours-and-safety-policy.md|docs/15-customer-notification-matrix-2026.md|docs/07-rate-card-and-surcharges.md|docs/13-dock-scheduling-rules-2026.md|docs/14-customer-notification-matrix-2025.md,docs/08-driver-hours-and-safety-policy.md|docs/15-customer-notification-matrix-2026.md|docs/07-rate-card-and-surcharges.md|docs/13-dock-scheduling-rules-2026.md|docs/14-customer-notification-matrix-2025.md,1
g111,spoilage register number,1.000000000,1,docs/01-sop-temperature-excursion.md|docs/15-customer-notification-matrix-2026.md|docs/14-customer-notification-matrix-2025.md|docs/07-rate-card-and-surcharges.md|docs/13-dock-scheduling-rules-2026.md,docs/01-sop-temperature-excursion.md|docs/15-customer-notification-matrix-2026.md|docs/14-customer-notification-matrix-2025.md|docs/07-rate-card-and-surcharges.md|docs/13-dock-scheduling-rules-2026.md,1
g112,somebody thinks a probe is lying. what are they meant to do with it?,1.000000000,1,docs/14-customer-notification-matrix-2025.md|docs/15-customer-notification-matrix-2026.md|docs/01-sop-temperature-excursion.md|docs/07-rate-card-and-surcharges.md|docs/13-dock-scheduling-rules-2026.md,docs/14-customer-notification-matrix-2025.md|docs/15-customer-notification-matrix-2026.md|docs/01-sop-temperature-excursion.md|docs/07-rate-card-and-surcharges.md|docs/13-dock-scheduling-rules-2026.md,1
g113,what penalty does tessaline pay if it misses an uptime target?,1.000000000,1,docs/15-customer-notification-matrix-2026.md|docs/05-decision-telematics-vendor-2023.md|docs/01-sop-temperature-excursion.md|docs/13-dock-scheduling-rules-2026.md|docs/07-rate-card-and-surcharges.md,docs/15-customer-notification-matrix-2026.md|docs/05-decision-telematics-vendor-2023.md|docs/01-sop-temperature-excursion.md|docs/13-dock-scheduling-rules-2026.md|docs/07-rate-card-and-surcharges.md,1
g114,two documents give different times for the ammonia defrost. which two and what do they say?,1.000000000,1,docs/15-customer-notification-matrix-2026.md|docs/01-sop-temperature-excursion.md|docs/13-dock-scheduling-rules-2026.md|docs/14-customer-notification-matrix-2025.md|docs/08-driver-hours-and-safety-policy.md,docs/15-customer-notification-matrix-2026.md|docs/01-sop-temperature-excursion.md|docs/13-dock-scheduling-rules-2026.md|docs/14-customer-notification-matrix-2025.md|docs/08-driver-hours-and-safety-policy.md,1
g115,why did dry ice get more expensive?,1.000000000,1,docs/07-rate-card-and-surcharges.md|docs/12-rate-card-2026-h2.md|docs/13-dock-scheduling-rules-2026.md|docs/15-customer-notification-matrix-2026.md|docs/03-postmortem-nagpur-vaccine-excursion.md,docs/07-rate-card-and-surcharges.md|docs/12-rate-card-2026-h2.md|docs/13-dock-scheduling-rules-2026.md|docs/15-customer-notification-matrix-2026.md|docs/03-postmortem-nagpur-vaccine-excursion.md,1
g116,was the night alert condition revathi asked for ever proved?,1.000000000,1,docs/01-sop-temperature-excursion.md|docs/11-decision-telematics-vendor-2026.md|docs/15-customer-notification-matrix-2026.md|docs/08-driver-hours-and-safety-policy.md|docs/03-postmortem-nagpur-vaccine-excursion.md,docs/01-sop-temperature-excursion.md|docs/11-decision-telematics-vendor-2026.md|docs/15-customer-notification-matrix-2026.md|docs/08-driver-hours-and-safety-policy.md|docs/03-postmortem-nagpur-vaccine-excursion.md,1
g117,i am quoting a new dairy contract this week. what diesel surcharge goes on it?,1.000000000,1,docs/07-rate-card-and-surcharges.md|docs/12-rate-card-2026-h2.md|docs/15-customer-notification-matrix-2026.md|docs/14-customer-notification-matrix-2025.md|docs/08-driver-hours-and-safety-policy.md,docs/07-rate-card-and-surcharges.md|docs/12-rate-card-2026-h2.md|docs/15-customer-notification-matrix-2026.md|docs/14-customer-notification-matrix-2025.md|docs/08-driver-hours-and-safety-policy.md,1
g118,what is dockwise and why could the new joiners not open it?,1.000000000,1,docs/10-new-joiner-faq.md|docs/13-dock-scheduling-rules-2026.md|docs/01-sop-temperature-excursion.md|docs/07-rate-card-and-surcharges.md|docs/03-postmortem-nagpur-vaccine-excursion.md,docs/10-new-joiner-faq.md|docs/13-dock-scheduling-rules-2026.md|docs/01-sop-temperature-excursion.md|docs/07-rate-card-and-surcharges.md|docs/03-postmortem-nagpur-vaccine-excursion.md,1
g119,when is frozen food an excursion,1.000000000,1,docs/01-sop-temperature-excursion.md|docs/13-dock-scheduling-rules-2026.md|docs/03-postmortem-nagpur-vaccine-excursion.md|docs/15-customer-notification-matrix-2026.md|docs/07-rate-card-and-surcharges.md,docs/01-sop-temperature-excursion.md|docs/13-dock-scheduling-rules-2026.md|docs/03-postmortem-nagpur-vaccine-excursion.md|docs/15-customer-notification-matrix-2026.md|docs/07-rate-card-and-surcharges.md,1
g120,what high limit does the sensor file give for paneer,1.000000000,1,docs/01-sop-temperature-excursion.md|docs/11-decision-telematics-vendor-2026.md|docs/15-customer-notification-matrix-2026.md|docs/07-rate-card-and-surcharges.md|docs/12-rate-card-2026-h2.md,docs/01-sop-temperature-excursion.md|docs/11-decision-telematics-vendor-2026.md|docs/15-customer-notification-matrix-2026.md|docs/07-rate-card-and-surcharges.md|docs/12-rate-card-2026-h2.md,1
g121,speed limit for a loaded reefer on the highway,1.000000000,1,docs/08-driver-hours-and-safety-policy.md|docs/01-sop-temperature-excursion.md|docs/07-rate-card-and-surcharges.md|docs/12-rate-card-2026-h2.md|docs/13-dock-scheduling-rules-2026.md,docs/08-driver-hours-and-safety-policy.md|docs/01-sop-temperature-excursion.md|docs/07-rate-card-and-surcharges.md|docs/12-rate-card-2026-h2.md|docs/13-dock-scheduling-rules-2026.md,1
g122,how long is the daily plant shutdown when nothing is taken off the lorries?,1.000000000,1,docs/15-customer-notification-matrix-2026.md|docs/08-driver-hours-and-safety-policy.md|docs/13-dock-scheduling-rules-2026.md|docs/01-sop-temperature-excursion.md|docs/07-rate-card-and-surcharges.md,docs/15-customer-notification-matrix-2026.md|docs/08-driver-hours-and-safety-policy.md|docs/13-dock-scheduling-rules-2026.md|docs/01-sop-temperature-excursion.md|docs/07-rate-card-and-surcharges.md,1
g123,which telematics vendor are we on?,1.000000000,1,docs/05-decision-telematics-vendor-2023.md|docs/11-decision-telematics-vendor-2026.md|docs/10-new-joiner-faq.md|docs/15-customer-notification-matrix-2026.md|docs/14-customer-notification-matrix-2025.md,docs/05-decision-telematics-vendor-2023.md|docs/11-decision-telematics-vendor-2026.md|docs/10-new-joiner-faq.md|docs/15-customer-notification-matrix-2026.md|docs/14-customer-notification-matrix-2025.md,1
g124,how many years do we keep the case file for vaccine stock,1.000000000,1,docs/15-customer-notification-matrix-2026.md|docs/01-sop-temperature-excursion.md|docs/08-driver-hours-and-safety-policy.md|docs/13-dock-scheduling-rules-2026.md|docs/07-rate-card-and-surcharges.md,docs/15-customer-notification-matrix-2026.md|docs/01-sop-temperature-excursion.md|docs/08-driver-hours-and-safety-policy.md|docs/13-dock-scheduling-rules-2026.md|docs/07-rate-card-and-surcharges.md,1
